

CREATE TABLE IF NOT EXISTS `classificacao` (
  `TEAM_ID` int(10) DEFAULT NULL,
  `LEAGUE_ID` int(1) DEFAULT NULL,
  `SEASON_ID` int(5) DEFAULT NULL,
  `STANDINGSDATE` varchar(10) DEFAULT NULL,
  `CONFERENCE` varchar(4) DEFAULT NULL,
  `TEAM` varchar(13) NOT NULL DEFAULT '',
  `G` int(2) DEFAULT NULL,
  `W` int(2) DEFAULT NULL,
  `L` int(2) DEFAULT NULL,
  PRIMARY KEY (`TEAM`)
) ENGINE=MyISAM DEFAULT CHARSET=utf8;

--
-- Extraindo dados da tabela `classificacao`
--

INSERT INTO `classificacao` (`TEAM_ID`, `LEAGUE_ID`, `SEASON_ID`, `STANDINGSDATE`, `CONFERENCE`, `TEAM`, `G`, `W`, `L`) VALUES
(1610612747, 0, 22019, '2020-03-01', 'West', 'L.A. Lakers', 59, 46, 13),
(1610612743, 0, 22019, '2020-03-01', 'West', 'Denver', 60, 41, 19),
(1610612746, 0, 22019, '2020-03-01', 'West', 'LA Clippers', 60, 41, 19),
(1610612745, 0, 22019, '2020-03-01', 'West', 'Houston', 59, 39, 20),
(1610612762, 0, 22019, '2020-03-01', 'West', 'Utah', 59, 37, 22),
(1610612760, 0, 22019, '2020-03-01', 'West', 'Oklahoma City', 60, 37, 23),
(1610612742, 0, 22019, '2020-03-01', 'West', 'Dallas', 61, 37, 24),
(1610612763, 0, 22019, '2020-03-01', 'West', 'Memphis', 60, 29, 31),
(1610612740, 0, 22019, '2020-03-01', 'West', 'New Orleans', 60, 26, 34),
(1610612758, 0, 22019, '2020-03-01', 'West', 'Sacramento', 60, 26, 34),
(1610612759, 0, 22019, '2020-03-01', 'West', 'San Antonio', 58, 25, 33),
(1610612757, 0, 22019, '2020-03-01', 'West', 'Portland', 61, 26, 35),
(1610612756, 0, 22019, '2020-03-01', 'West', 'Phoenix', 61, 24, 37),
(1610612750, 0, 22019, '2020-03-01', 'West', 'Minnesota', 59, 17, 42),
(1610612744, 0, 22019, '2020-03-01', 'West', 'Golden State', 61, 13, 48);

-- --------------------------------------------------------

--
-- Estrutura da tabela `estatisticas`
--

CREATE TABLE IF NOT EXISTS `estatisticas` (
  `GAME_ID` int(8) DEFAULT NULL,
  `TEAM_ID` int(10) DEFAULT NULL,
  `TEAM_ABBREVIATION` varchar(3) DEFAULT NULL,
  `TEAM_CITY` varchar(12) DEFAULT NULL,
  `PLAYER_ID` int(7) DEFAULT NULL,
  `PLAYER_NAME` varchar(23) DEFAULT NULL,
  `MIN` varchar(8) DEFAULT NULL,
  `OREB` varchar(1) DEFAULT NULL,
  `DREB` varchar(2) DEFAULT NULL,
  `REB` varchar(2) DEFAULT NULL,
  `AST` varchar(2) DEFAULT NULL,
  `STL` varchar(1) DEFAULT NULL,
  `BLK` varchar(1) DEFAULT NULL,
  `TO` varchar(1) DEFAULT NULL,
  `PF` varchar(1) DEFAULT NULL,
  `PTS` varchar(2) DEFAULT NULL,
  `PLUS_MINUS` varchar(3) DEFAULT NULL
) ENGINE=MyISAM DEFAULT CHARSET=utf8;

--
-- Extraindo dados da tabela `estatisticas`
--

INSERT INTO `estatisticas` (`GAME_ID`, `TEAM_ID`, `TEAM_ABBREVIATION`, `TEAM_CITY`, `PLAYER_ID`, `PLAYER_NAME`, `MIN`, `OREB`, `DREB`, `REB`, `AST`, `STL`, `BLK`, `TO`, `PF`, `PTS`, `PLUS_MINUS`) VALUES
(21900895, 1610612749, 'MIL', 'Milwaukee', 202083, 'Wesley Matthews', '27:08:00', '4', '4', '8', '2', '2', '0', '0', '0', '8', '11'),
(21900895, 1610612749, 'MIL', 'Milwaukee', 203507, 'Giannis Antetokounmpo', '34:55:00', '2', '18', '20', '6', '1', '0', '3', '2', '41', '22'),
(21900895, 1610612749, 'MIL', 'Milwaukee', 201572, 'Brook Lopez', '26:25:00', '2', '5', '7', '0', '0', '3', '0', '2', '16', '16'),
(21900895, 1610612749, 'MIL', 'Milwaukee', 1628978, 'Donte DiVincenzo', '27:35:00', '1', '6', '7', '5', '0', '1', '2', '0', '2', '14'),
(21900895, 1610612749, 'MIL', 'Milwaukee', 202339, 'Eric Bledsoe', '22:17', '1', '0', '1', '2', '1', '0', '3', '2', '4', '6'),
(21900895, 1610612749, 'MIL', 'Milwaukee', 1626192, 'Pat Connaughton', '24:52:00', '2', '3', '5', '1', '0', '0', '1', '2', '6', '0'),
(21900895, 1610612749, 'MIL', 'Milwaukee', 201577, 'Robin Lopez', '13:18', '1', '2', '3', '0', '0', '1', '2', '1', '2', '-12'),
(21900895, 1610612749, 'MIL', 'Milwaukee', 1628425, 'Sterling Brown', '18:10', '0', '3', '3', '0', '0', '0', '1', '0', '3', '-8'),
(21900895, 1610612749, 'MIL', 'Milwaukee', 101107, 'Marvin Williams', '19:37', '0', '2', '2', '2', '1', '1', '1', '1', '0', '-11'),
(21900895, 1610612749, 'MIL', 'Milwaukee', 201588, 'George Hill', '25:43:00', '2', '3', '5', '2', '2', '0', '3', '1', '11', '2'),
(21900895, 1610612749, 'MIL', 'Milwaukee', 203648, 'Thanasis Antetokounmpo', '', '', '', '', '', '', '', '', '', '', ''),
(21900895, 1610612749, 'MIL', 'Milwaukee', 101141, 'Ersan Ilyasova', '', '', '', '', '', '', '', '', '', '', ''),
(21900895, 1610612749, 'MIL', 'Milwaukee', 1628391, 'D.J. Wilson', '', '', '', '', '', '', '', '', '', '', ''),
(21900895, 1610612766, 'CHA', 'Charlotte', 1628970, 'Miles Bridges', '35:15:00', '1', '3', '4', '2', '2', '2', '2', '2', '7', '-4'),
(21900895, 1610612766, 'CHA', 'Charlotte', 1629023, 'P.J. Washington', '31:52:00', '1', '5', '6', '3', '0', '2', '2', '3', '12', '-13'),
(21900895, 1610612766, 'CHA', 'Charlotte', 202687, 'Bismack Biyombo', '22:07', '4', '5', '9', '2', '0', '2', '1', '3', '8', '-15'),
(21900895, 1610612766, 'CHA', 'Charlotte', 1628984, 'Devonte'' Graham', '32:21:00', '0', '2', '2', '3', '1', '0', '0', '2', '17', '-14'),
(21900895, 1610612766, 'CHA', 'Charlotte', 1626179, 'Terry Rozier', '36:05:00', '2', '1', '3', '4', '1', '0', '2', '2', '13', '-20'),
(21900895, 1610612766, 'CHA', 'Charlotte', 1628998, 'Cody Martin', '29:08:00', '0', '5', '5', '2', '0', '1', '1', '2', '11', '2'),
(21900895, 1610612766, 'CHA', 'Charlotte', 1629667, 'Jalen McDaniels', '09:21', '0', '1', '1', '1', '0', '1', '0', '1', '2', '0'),
(21900895, 1610612766, 'CHA', 'Charlotte', 1626195, 'Willy Hernangomez', '20:21', '3', '10', '13', '4', '2', '0', '1', '0', '10', '11'),
(21900895, 1610612766, 'CHA', 'Charlotte', 1628997, 'Caleb Martin', '23:30', '1', '3', '4', '1', '1', '0', '1', '3', '5', '13'),
(21900895, 1610612766, 'CHA', 'Charlotte', 201587, 'Nicolas Batum', '', '', '', '', '', '', '', '', '', '', ''),
(21900895, 1610612766, 'CHA', 'Charlotte', 1629147, 'Joe Chealey', '', '', '', '', '', '', '', '', '', '', ''),
(21900895, 1610612766, 'CHA', 'Charlotte', 1628370, 'Malik Monk', '', '', '', '', '', '', '', '', '', '', ''),
(21900895, 1610612766, 'CHA', 'Charlotte', 203469, 'Cody Zeller', '', '', '', '', '', '', '', '', '', '', ''),
(21900896, 1610612742, 'DAL', 'Dallas', 203501, 'Tim Hardaway Jr.', '31:46:00', '0', '6', '6', '0', '2', '0', '1', '1', '19', '37'),
(21900896, 1610612742, 'DAL', 'Dallas', 1627827, 'Dorian Finney-Smith', '30:51:00', '2', '9', '11', '4', '2', '1', '2', '3', '9', '35'),
(21900896, 1610612742, 'DAL', 'Dallas', 204001, 'Kristaps Porzingis', '36:54:00', '2', '11', '13', '4', '1', '5', '2', '2', '38', '22'),
(21900896, 1610612742, 'DAL', 'Dallas', 1626153, 'Delon Wright', '31:55:00', '0', '8', '8', '6', '3', '0', '2', '2', '4', '5'),
(21900896, 1610612742, 'DAL', 'Dallas', 203552, 'Seth Curry', '29:51:00', '0', '1', '1', '4', '1', '0', '1', '1', '27', '6'),
(21900896, 1610612742, 'DAL', 'Dallas', 1628382, 'Justin Jackson', '19:43', '1', '1', '2', '0', '0', '0', '1', '1', '2', '-13'),
(21900896, 1610612742, 'DAL', 'Dallas', 1628467, 'Maxi Kleber', '16:19', '0', '8', '8', '2', '0', '1', '2', '3', '2', '-11'),
(21900896, 1610612742, 'DAL', 'Dallas', 201584, 'Courtney Lee', '21:14', '1', '3', '4', '0', '1', '0', '0', '2', '4', '2'),
(21900896, 1610612742, 'DAL', 'Dallas', 200826, 'J.J. Barea', '16:41', '0', '1', '1', '7', '0', '0', '2', '1', '4', '12'),
(21900896, 1610612742, 'DAL', 'Dallas', 203077, 'Michael Kidd-Gilchrist', '02:41', '0', '1', '1', '0', '0', '0', '1', '0', '0', '1'),
(21900896, 1610612742, 'DAL', 'Dallas', 1626246, 'Boban Marjanovic', '02:05', '0', '1', '1', '1', '0', '0', '0', '0', '2', '4'),
(21900896, 1610612750, 'MIN', 'Minnesota', 1629006, 'Josh Okogie', '22:59', '3', '3', '6', '1', '1', '2', '2', '3', '9', '-9'),
(21900896, 1610612750, 'MIN', 'Minnesota', 1627823, 'Juancho Hernangomez', '27:37:00', '1', '11', '12', '1', '0', '1', '1', '4', '12', '-24'),
(21900896, 1610612750, 'MIN', 'Minnesota', 1629675, 'Naz Reid', '27:14:00', '5', '7', '12', '2', '0', '0', '0', '1', '9', '1'),
(21900896, 1610612750, 'MIN', 'Minnesota', 1627736, 'Malik Beasley', '29:45:00', '0', '3', '3', '1', '1', '0', '1', '1', '14', '-21'),
(21900896, 1610612750, 'MIN', 'Minnesota', 1626156, 'D''Angelo Russell', '36:48:00', '1', '8', '9', '7', '2', '0', '4', '1', '16', '-12'),
(21900896, 1610612750, 'MIN', 'Minnesota', 1629633, 'Jarrett Culver', '25:01:00', '1', '3', '4', '2', '1', '0', '0', '1', '12', '-11'),
(21900896, 1610612750, 'MIN', 'Minnesota', 1627774, 'Jake Layman', '14:48', '0', '2', '2', '0', '0', '0', '0', '1', '6', '12'),
(21900896, 1610612750, 'MIN', 'Minnesota', 201949, 'James Johnson', '23:51', '2', '2', '4', '2', '0', '0', '2', '4', '4', '-24'),
(21900896, 1610612750, 'MIN', 'Minnesota', 1629162, 'Jordan McLaughlin', '17:12', '0', '2', '2', '3', '4', '0', '1', '0', '4', '-12'),
(21900896, 1610612750, 'MIN', 'Minnesota', 1629103, 'Kelan Martin', '12:04', '1', '1', '2', '0', '0', '0', '2', '1', '5', '1'),
(21900896, 1610612750, 'MIN', 'Minnesota', 1629669, 'Jaylen Nowell', '02:41', '0', '1', '1', '0', '0', '0', '0', '0', '0', '-1'),
(21900896, 1610612750, 'MIN', 'Minnesota', 1626157, 'Karl-Anthony Towns', '', '', '', '', '', '', '', '', '', '', ''),
(21900897, 1610612755, 'PHI', 'Philadelphia', 203922, 'Glenn Robinson III', '13:58', '1', '1', '2', '0', '0', '0', '1', '2', '2', '1'),
(21900897, 1610612755, 'PHI', 'Philadelphia', 202699, 'Tobias Harris', '40:58:00', '2', '2', '4', '4', '1', '0', '1', '3', '25', '-5'),
(21900897, 1610612755, 'PHI', 'Philadelphia', 201143, 'Al Horford', '29:00:00', '2', '6', '8', '6', '1', '2', '2', '6', '12', '5'),
(21900897, 1610612755, 'PHI', 'Philadelphia', 1626196, 'Josh Richardson', '10:17', '0', '1', '1', '1', '0', '0', '0', '0', '9', '5'),
(21900897, 1610612755, 'PHI', 'Philadelphia', 1629003, 'Shake Milton', '39:36:00', '1', '2', '3', '5', '1', '0', '2', '5', '39', '4'),
(21900897, 1610612755, 'PHI', 'Philadelphia', 1627788, 'Furkan Korkmaz', '28:58:00', '0', '2', '2', '3', '0', '1', '2', '4', '8', '-8'),
(21900897, 1610612755, 'PHI', 'Philadelphia', 1629680, 'Matisse Thybulle', '15:42', '0', '1', '1', '1', '1', '0', '0', '1', '7', '-6'),
(21900897, 1610612755, 'PHI', 'Philadelphia', 203124, 'Kyle O''Quinn', '07:16', '2', '1', '3', '1', '1', '0', '0', '1', '2', '-12'),
(21900897, 1610612755, 'PHI', 'Philadelphia', 202692, 'Alec Burks', '25:24:00', '0', '6', '6', '3', '0', '0', '1', '0', '15', '-9'),
(21900897, 1610612755, 'PHI', 'Philadelphia', 203118, 'Mike Scott', '26:13:00', '2', '4', '6', '3', '2', '1', '0', '5', '11', '0'),
(21900897, 1610612755, 'PHI', 'Philadelphia', 203658, 'Norvel Pelle', '02:38', '0', '1', '1', '0', '0', '0', '0', '1', '0', '-5'),
(21900897, 1610612755, 'PHI', 'Philadelphia', 203526, 'Raul Neto', '', '', '', '', '', '', '', '', '', '', ''),
(21900897, 1610612746, 'LAC', 'LA', 202695, 'Kawhi Leonard', '33:35:00', '2', '4', '6', '3', '1', '0', '1', '0', '30', '1'),
(21900897, 1610612746, 'LAC', 'LA', 202694, 'Marcus Morris Sr.', '27:18:00', '0', '2', '2', '1', '1', '1', '0', '1', '9', '-4'),
(21900897, 1610612746, 'LAC', 'LA', 1627826, 'Ivica Zubac', '19:23', '1', '2', '3', '2', '0', '1', '1', '2', '4', '3'),
(21900897, 1610612746, 'LAC', 'LA', 202331, 'Paul George', '30:03:00', '1', '3', '4', '1', '2', '0', '1', '3', '24', '-11'),
(21900897, 1610612746, 'LAC', 'LA', 201976, 'Patrick Beverley', '23:49', '0', '4', '4', '4', '0', '0', '1', '4', '0', '-11'),
(21900897, 1610612746, 'LAC', 'LA', 1629013, 'Landry Shamet', '15:16', '0', '0', '0', '2', '0', '0', '1', '1', '3', '12'),
(21900897, 1610612746, 'LAC', 'LA', 101150, 'Lou Williams', '28:08:00', '0', '2', '2', '8', '1', '0', '3', '0', '24', '19'),
(21900897, 1610612746, 'LAC', 'LA', 1626149, 'Montrezl Harrell', '27:34:00', '2', '7', '9', '0', '1', '1', '2', '3', '24', '3'),
(21900897, 1610612746, 'LAC', 'LA', 202704, 'Reggie Jackson', '19:28', '0', '4', '4', '3', '0', '2', '0', '1', '13', '10'),
(21900897, 1610612746, 'LAC', 'LA', 203210, 'JaMychal Green', '15:26', '0', '3', '3', '1', '0', '1', '0', '2', '5', '8'),
(21900897, 1610612746, 'LAC', 'LA', 1629599, 'Amir Coffey', '', '', '', '', '', '', '', '', '', '', ''),
(21900897, 1610612746, 'LAC', 'LA', 203585, 'Rodney McGruder', '', '', '', '', '', '', '', '', '', '', ''),
(21900897, 1610612746, 'LAC', 'LA', 202335, 'Patrick Patterson', '', '', '', '', '', '', '', '', '', '', ''),
(21900898, 1610612761, 'TOR', 'Toronto', 1628384, 'OG Anunoby', '39:47:00', '2', '5', '7', '3', '7', '0', '0', '5', '32', '-11'),
(21900898, 1610612761, 'TOR', 'Toronto', 1627783, 'Pascal Siakam', '39:31:00', '1', '6', '7', '5', '2', '1', '4', '5', '16', '-13'),
(21900898, 1610612761, 'TOR', 'Toronto', 1626178, 'Rondae Hollis-Jefferson', '24:40:00', '3', '0', '3', '3', '0', '2', '0', '1', '9', '-2'),
(21900898, 1610612761, 'TOR', 'Toronto', 1626181, 'Norman Powell', '40:06:00', '1', '5', '6', '0', '0', '1', '0', '2', '24', '-13'),
(21900898, 1610612761, 'TOR', 'Toronto', 200768, 'Kyle Lowry', '37:57:00', '0', '5', '5', '8', '0', '0', '4', '3', '17', '-9'),
(21900898, 1610612761, 'TOR', 'Toronto', 1629056, 'Terence Davis', '17:14', '0', '3', '3', '3', '0', '0', '1', '2', '8', '-6'),
(21900898, 1610612761, 'TOR', 'Toronto', 1627775, 'Patrick McCaw', '24:13:00', '0', '2', '2', '1', '0', '0', '1', '2', '7', '-13'),
(21900898, 1610612761, 'TOR', 'Toronto', 1629744, 'Matt Thomas', '05:48', '0', '1', '1', '1', '0', '0', '0', '0', '0', '-2'),
(21900898, 1610612761, 'TOR', 'Toronto', 1628449, 'Chris Boucher', '08:42', '1', '1', '2', '0', '0', '0', '1', '4', '5', '-6'),
(21900898, 1610612761, 'TOR', 'Toronto', 1626259, 'Malcolm Miller', '01:01', '0', '0', '0', '0', '0', '0', '0', '0', '0', '0'),
(21900898, 1610612761, 'TOR', 'Toronto', 1626169, 'Stanley Johnson', '01:01', '0', '0', '0', '0', '0', '0', '0', '0', '0', '0'),
(21900898, 1610612761, 'TOR', 'Toronto', 1629608, 'Dewan Hernandez', '', '', '', '', '', '', '', '', '', '', ''),
(21900898, 1610612761, 'TOR', 'Toronto', 1627832, 'Fred VanVleet', '', '', '', '', '', '', '', '', '', '', ''),
(21900898, 1610612743, 'DEN', 'Denver', 203115, 'Will Barton', '26:50:00', '0', '2', '2', '4', '0', '0', '3', '2', '11', '7'),
(21900898, 1610612743, 'DEN', 'Denver', 203924, 'Jerami Grant', '34:42:00', '0', '3', '3', '6', '0', '0', '4', '4', '16', '18'),
(21900898, 1610612743, 'DEN', 'Denver', 203999, 'Nikola Jokic', '35:04:00', '4', '14', '18', '11', '1', '0', '2', '2', '23', '18'),
(21900898, 1610612743, 'DEN', 'Denver', 203914, 'Gary Harris', '29:16:00', '0', '4', '4', '3', '0', '0', '3', '4', '15', '14'),
(21900898, 1610612743, 'DEN', 'Denver', 1627750, 'Jamal Murray', '36:31:00', '0', '1', '1', '5', '0', '0', '2', '3', '22', '15'),
(21900898, 1610612743, 'DEN', 'Denver', 1628420, 'Monte Morris', '29:13:00', '0', '3', '3', '4', '1', '0', '2', '1', '12', '8'),
(21900898, 1610612743, 'DEN', 'Denver', 1629008, 'Michael Porter Jr.', '19:10', '3', '3', '6', '3', '1', '0', '0', '0', '11', '-1'),
(21900898, 1610612743, 'DEN', 'Denver', 203486, 'Mason Plumlee', '10:08', '0', '1', '1', '2', '2', '1', '0', '4', '6', '1'),
(21900898, 1610612743, 'DEN', 'Denver', 1628470, 'Torrey Craig', '16:04', '0', '3', '3', '0', '1', '0', '0', '2', '17', '-3'),
(21900898, 1610612743, 'DEN', 'Denver', 1628427, 'Vlatko Cancar', '02:01', '0', '0', '0', '0', '0', '0', '0', '0', '0', '-2'),
(21900898, 1610612743, 'DEN', 'Denver', 1628408, 'PJ Dozier', '01:01', '0', '0', '0', '0', '0', '0', '0', '0', '0', '0'),
(21900899, 1610612765, 'DET', 'Detroit', 203503, 'Tony Snell', '38:21:00', '0', '4', '4', '6', '1', '1', '0', '2', '12', '8');

-- --------------------------------------------------------

--
-- Estrutura da tabela `jogadores`
--

CREATE TABLE IF NOT EXISTS `jogadores` (
  `PLAYER_NAME` varchar(24) DEFAULT NULL,
  `TEAM_ID` int(10) DEFAULT NULL,
  `PLAYER_ID` int(7) NOT NULL DEFAULT '0',
  `SEASON` int(4) DEFAULT NULL,
  PRIMARY KEY (`PLAYER_ID`)
) ENGINE=MyISAM DEFAULT CHARSET=utf8;

--
-- Extraindo dados da tabela `jogadores`
--

INSERT INTO `jogadores` (`PLAYER_NAME`, `TEAM_ID`, `PLAYER_ID`, `SEASON`) VALUES
('Royce O''Neale', 1610612762, 1626220, 2019),
('Bojan Bogdanovic', 1610612762, 202711, 2019),
('Rudy Gobert', 1610612762, 203497, 2019),
('Donovan Mitchell', 1610612762, 1628378, 2019),
('Mike Conley', 1610612762, 201144, 2019),
('Joe Ingles', 1610612762, 204060, 2019),
('Ed Davis', 1610612762, 202334, 2019),
('Jeff Green', 1610612762, 201145, 2019),
('Dante Exum', 1610612762, 203957, 2019),
('Emmanuel Mudiay', 1610612762, 1626144, 2019),
('Georges Niang', 1610612762, 1627777, 2019),
('Tony Bradley', 1610612762, 1628396, 2019),
('Nigel Williams-Goss', 1610612762, 1628430, 2019),
('Tobias Harris', 1610612755, 202699, 2019),
('Al Horford', 1610612755, 201143, 2019),
('Joel Embiid', 1610612755, 203954, 2019),
('Furkan Korkmaz', 1610612755, 1627788, 2019),
('Ben Simmons', 1610612755, 1627732, 2019),
('James Ennis III', 1610612755, 203516, 2019),
('Mike Scott', 1610612755, 203118, 2019),
('Raul Neto', 1610612755, 203526, 2019),
('Matisse Thybulle', 1610612755, 1629680, 2019),
('Shake Milton', 1610612755, 1629003, 2019),
('Kyle O''Quinn', 1610612755, 203124, 2019),
('Norvel Pelle', 1610612755, 203658, 2019),
('Kevin Knox II', 1610612752, 1628995, 2019),
('Julius Randle', 1610612752, 203944, 2019),
('Taj Gibson', 1610612752, 201959, 2019),
('RJ Barrett', 1610612752, 1629628, 2019),
('Dennis Smith Jr.', 1610612752, 1628372, 2019),
('Wayne Ellington', 1610612752, 201961, 2019),
('Mitchell Robinson', 1610612752, 1629011, 2019),
('Damyean Dotson', 1610612752, 1628422, 2019),
('Bobby Portis', 1610612752, 1626171, 2019),
('Allonzo Trier', 1610612752, 1629019, 2019),
('Ignas Brazdeikis', 1610612752, 1629649, 2019),
('Kadeem Allen', 1610612752, 1628443, 2019),
('Khris Middleton', 1610612749, 203114, 2019),
('Giannis Antetokounmpo', 1610612749, 203507, 2019),
('Robin Lopez', 1610612749, 201577, 2019),
('Wesley Matthews', 1610612749, 202083, 2019),
('Eric Bledsoe', 1610612749, 202339, 2019),
('Donte DiVincenzo', 1610612749, 1628978, 2019),
('Ersan Ilyasova', 1610612749, 101141, 2019),
('Pat Connaughton', 1610612749, 1626192, 2019),
('George Hill', 1610612749, 201588, 2019),
('D.J. Wilson', 1610612749, 1628391, 2019),
('Kyle Korver', 1610612749, 2594, 2019),
('Dragan Bender', 1610612749, 1627733, 2019),
('Thanasis Antetokounmpo', 1610612749, 203648, 2019),
('Kris Dunn', 1610612741, 1627739, 2019),
('Lauri Markkanen', 1610612741, 1628374, 2019),
('Wendell Carter Jr.', 1610612741, 1628976, 2019),
('Zach LaVine', 1610612741, 203897, 2019),
('Tomas Satoransky', 1610612741, 203107, 2019),
('Coby White', 1610612741, 1629632, 2019),
('Thaddeus Young', 1610612741, 201152, 2019),
('Ryan Arcidiacono', 1610612741, 1627853, 2019),
('Denzel Valentine', 1610612741, 1627756, 2019),
('Daniel Gafford', 1610612741, 1629655, 2019),
('Shaquille Harrison', 1610612741, 1627885, 2019),
('Luke Kornet', 1610612741, 1628436, 2019),
('Max Strus', 1610612741, 1629622, 2019),
('Harrison Barnes', 1610612758, 203084, 2019),
('Nemanja Bjelica', 1610612758, 202357, 2019),
('Richaun Holmes', 1610612758, 1626158, 2019),
('Buddy Hield', 1610612758, 1627741, 2019),
('Cory Joseph', 1610612758, 202709, 2019),
('Bogdan Bogdanovic', 1610612758, 203992, 2019),
('Justin James', 1610612758, 1629713, 2019),
('Trevor Ariza', 1610612758, 2772, 2019),
('Dewayne Dedmon', 1610612758, 203473, 2019),
('Yogi Ferrell', 1610612758, 1627812, 2019),
('Harry Giles III', 1610612758, 1628385, 2019),
('Kyle Guy', 1610612758, 1629657, 2019),
('Caleb Swanigan', 1610612758, 1628403, 2019),
('Kelly Oubre Jr.', 1610612756, 1626162, 2019),
('Dario Saric', 1610612756, 203967, 2019),
('Frank Kaminsky', 1610612756, 1626163, 2019),
('Devin Booker', 1610612756, 1626164, 2019),
('Ricky Rubio', 1610612756, 201937, 2019),
('Mikal Bridges', 1610612756, 1628969, 2019),
('Ty Jerome', 1610612756, 1629660, 2019),
('Cameron Johnson', 1610612756, 1629661, 2019),
('Jevon Carter', 1610612756, 1628975, 2019),
('Aron Baynes', 1610612756, 203382, 2019),
('Tyler Johnson', 1610612756, 204020, 2019),
('Elie Okobo', 1610612756, 1629059, 2019),
('Miles Bridges', 1610612766, 1628970, 2019),
('P.J. Washington', 1610612766, 1629023, 2019),
('Bismack Biyombo', 1610612766, 202687, 2019),
('Devonte'' Graham', 1610612766, 1628984, 2019),
('Terry Rozier', 1610612766, 1626179, 2019),
('Nicolas Batum', 1610612766, 201587, 2019),
('Cody Zeller', 1610612766, 203469, 2019),
('Marvin Williams', 1610612766, 101107, 2019),
('Malik Monk', 1610612766, 1628370, 2019),
('Dwayne Bacon', 1610612766, 1628407, 2019),
('Willy Hernangomez', 1610612766, 1626195, 2019),
('Michael Kidd-Gilchrist', 1610612766, 203077, 2019),
('T.J. Warren', 1610612754, 203933, 2019),
('Domantas Sabonis', 1610612754, 1627734, 2019),
('Myles Turner', 1610612754, 1626167, 2019),
('Jeremy Lamb', 1610612754, 203087, 2019),
('Malcolm Brogdon', 1610612754, 1627763, 2019),
('Justin Holiday', 1610612754, 203200, 2019),
('Aaron Holiday', 1610612754, 1628988, 2019),
('T.J. McConnell', 1610612754, 204456, 2019),
('Doug McDermott', 1610612754, 203926, 2019),
('Goga Bitadze', 1610612754, 1629048, 2019),
('Alize Johnson', 1610612754, 1628993, 2019),
('TJ Leaf', 1610612754, 1628388, 2019),
('Solomon Hill', 1610612763, 203524, 2019),
('Jae Crowder', 1610612763, 203109, 2019),
('Jaren Jackson Jr.', 1610612763, 1628991, 2019),
('Dillon Brooks', 1610612763, 1628415, 2019),
('Tyus Jones', 1610612763, 1626145, 2019),
('De''Anthony Melton', 1610612763, 1629001, 2019),
('Grayson Allen', 1610612763, 1628960, 2019),
('Bruno Caboclo', 1610612763, 203998, 2019),
('Marko Guduric', 1610612763, 1629741, 2019),
('Kyle Anderson', 1610612763, 203937, 2019),
('Brandon Clarke', 1610612763, 1629634, 2019),
('Jonas Valanciunas', 1610612763, 202685, 2019),
('Yuta Watanabe', 1610612763, 1629139, 2019),
('Eric Paschall', 1610612744, 1629672, 2019),
('Kevon Looney', 1610612744, 1626172, 2019),
('Willie Cauley-Stein', 1610612744, 1626161, 2019),
('Glenn Robinson III', 1610612744, 203922, 2019),
('Alec Burks', 1610612744, 202692, 2019),
('Ky Bowman', 1610612744, 1629065, 2019),
('Marquese Chriss', 1610612744, 1627737, 2019),
('Jordan Poole', 1610612744, 1629673, 2019),
('Omari Spellman', 1610612744, 1629016, 2019),
('Jacob Evans', 1610612744, 1628980, 2019),
('Draymond Green', 1610612744, 203110, 2019),
('De''Andre Hunter', 1610612737, 1629631, 2019),
('Jabari Parker', 1610612737, 203953, 2019),
('Damian Jones', 1610612737, 1627745, 2019),
('DeAndre'' Bembry', 1610612737, 1627761, 2019),
('Trae Young', 1610612737, 1629027, 2019),
('Vince Carter', 1610612737, 1713, 2019),
('Alex Len', 1610612737, 203458, 2019),
('Cam Reddish', 1610612737, 1629629, 2019),
('Evan Turner', 1610612737, 202323, 2019),
('Tyrone Wallace', 1610612737, 1627820, 2019),
('Bruno Fernando', 1610612737, 1628981, 2019),
('Brandon Goodwin', 1610612737, 1629164, 2019),
('Chandler Parsons', 1610612737, 202718, 2019),
('Jimmy Butler', 1610612748, 202710, 2019),
('Bam Adebayo', 1610612748, 1628389, 2019),
('Meyers Leonard', 1610612748, 203086, 2019),
('Duncan Robinson', 1610612748, 1629130, 2019),
('Kendrick Nunn', 1610612748, 1629134, 2019),
('Goran Dragic', 1610612748, 201609, 2019),
('Justise Winslow', 1610612748, 1626159, 2019),
('Chris Silva', 1610612748, 1629735, 2019),
('Tyler Herro', 1610612748, 1629639, 2019),
('Kelly Olynyk', 1610612748, 203482, 2019),
('Derrick Jones Jr.', 1610612748, 1627884, 2019),
('Udonis Haslem', 1610612748, 2617, 2019),
('James Johnson', 1610612748, 201949, 2019),
('Joe Harris', 1610612751, 203925, 2019),
('Taurean Prince', 1610612751, 1627752, 2019),
('Jarrett Allen', 1610612751, 1628386, 2019),
('Garrett Temple', 1610612751, 202066, 2019),
('Spencer Dinwiddie', 1610612751, 203915, 2019),
('Dzanan Musa', 1610612751, 1629058, 2019),
('DeAndre Jordan', 1610612751, 201599, 2019),
('Iman Shumpert', 1610612751, 202697, 2019),
('David Nwaba', 1610612751, 1628021, 2019),
('Theo Pinson', 1610612751, 1629033, 2019),
('Nicolas Claxton', 1610612751, 1629651, 2019),
('Treveon Graham', 1610612750, 1626203, 2019),
('Robert Covington', 1610612750, 203496, 2019),
('Karl-Anthony Towns', 1610612750, 1626157, 2019),
('Jarrett Culver', 1610612750, 1629633, 2019),
('Andrew Wiggins', 1610612750, 203952, 2019),
('Jeff Teague', 1610612750, 201952, 2019),
('Josh Okogie', 1610612750, 1629006, 2019),
('Shabazz Napier', 1610612750, 203894, 2019),
('Keita Bates-Diop', 1610612750, 1628966, 2019),
('Gorgui Dieng', 1610612750, 203476, 2019),
('Jordan Bell', 1610612750, 1628395, 2019),
('Naz Reid', 1610612750, 1629675, 2019),
('Noah Vonleh', 1610612750, 203943, 2019),
('Dorian Finney-Smith', 1610612742, 1627827, 2019),
('Kristaps Porzingis', 1610612742, 204001, 2019),
('Dwight Powell', 1610612742, 203939, 2019),
('Tim Hardaway Jr.', 1610612742, 203501, 2019),
('Luka Doncic', 1610612742, 1629029, 2019),
('Delon Wright', 1610612742, 1626153, 2019),
('Seth Curry', 1610612742, 203552, 2019),
('Maxi Kleber', 1610612742, 1628467, 2019),
('Jalen Brunson', 1610612742, 1628973, 2019),
('Justin Jackson', 1610612742, 1628382, 2019),
('Boban Marjanovic', 1610612742, 1626246, 2019),
('J.J. Barea', 1610612742, 200826, 2019),
('Courtney Lee', 1610612742, 201584, 2019),
('LeBron James', 1610612747, 2544, 2019),
('Anthony Davis', 1610612747, 203076, 2019),
('JaVale McGee', 1610612747, 201580, 2019),
('Danny Green', 1610612747, 201980, 2019),
('Kentavious Caldwell-Pope', 1610612747, 203484, 2019),
('Kyle Kuzma', 1610612747, 1628398, 2019),
('Alex Caruso', 1610612747, 1627936, 2019),
('Rajon Rondo', 1610612747, 200765, 2019),
('Troy Daniels', 1610612747, 203584, 2019),
('Dwight Howard', 1610612747, 2730, 2019),
('Jared Dudley', 1610612747, 201162, 2019),
('Quinn Cook', 1610612747, 1626188, 2019),
('DeMar DeRozan', 1610612759, 201942, 2019),
('Rudy Gay', 1610612759, 200752, 2019),
('Jakob Poeltl', 1610612759, 1627751, 2019),
('Derrick White', 1610612759, 1628401, 2019),
('Bryn Forbes', 1610612759, 1627854, 2019),
('Dejounte Murray', 1610612759, 1627749, 2019),
('Patty Mills', 1610612759, 201988, 2019),
('Trey Lyles', 1610612759, 1626168, 2019),
('Drew Eubanks', 1610612759, 1629234, 2019),
('Marco Belinelli', 1610612759, 201158, 2019),
('Lonnie Walker IV', 1610612759, 1629022, 2019),
('DeMarre Carroll', 1610612759, 201960, 2019),
('Chimezie Metu', 1610612759, 1629002, 2019),
('Tony Snell', 1610612765, 203503, 2019),
('Blake Griffin', 1610612765, 201933, 2019),
('Andre Drummond', 1610612765, 203083, 2019),
('Luke Kennard', 1610612765, 1628379, 2019),
('Bruce Brown', 1610612765, 1628971, 2019),
('Langston Galloway', 1610612765, 204038, 2019),
('Derrick Rose', 1610612765, 201565, 2019),
('Markieff Morris', 1610612765, 202693, 2019),
('Svi Mykhailiuk', 1610612765, 1629004, 2019),
('Christian Wood', 1610612765, 1626174, 2019),
('Thon Maker', 1610612765, 1627748, 2019),
('Tim Frazier', 1610612765, 204025, 2019),
('Sekou Doumbouya', 1610612765, 1629635, 2019),
('Terrance Ferguson', 1610612760, 1628390, 2019),
('Danilo Gallinari', 1610612760, 201568, 2019),
('Steven Adams', 1610612760, 203500, 2019),
('Shai Gilgeous-Alexander', 1610612760, 1628983, 2019),
('Chris Paul', 1610612760, 101108, 2019),
('Nerlens Noel', 1610612760, 203457, 2019),
('Dennis Schroder', 1610612760, 203471, 2019),
('Abdel Nader', 1610612760, 1627846, 2019),
('Darius Bazley', 1610612760, 1629647, 2019),
('Deonte Burton', 1610612760, 1629126, 2019),
('Devon Hall', 1610612760, 1628985, 2019),
('Mike Muscala', 1610612760, 203488, 2019),
('Jrue Holiday', 1610612740, 201950, 2019),
('Brandon Ingram', 1610612740, 1627742, 2019),
('Jahlil Okafor', 1610612740, 1626143, 2019),
('JJ Redick', 1610612740, 200755, 2019),
('Lonzo Ball', 1610612740, 1628366, 2019),
('Jaxson Hayes', 1610612740, 1629637, 2019),
('Josh Hart', 1610612740, 1628404, 2019),
('E''Twaun Moore', 1610612740, 202734, 2019),
('Nicolo Melli', 1610612740, 1629740, 2019),
('Nickeil Alexander-Walker', 1610612740, 1629638, 2019),
('Derrick Favors', 1610612740, 202324, 2019),
('Frank Jackson', 1610612740, 1628402, 2019),
('Kenrich Williams', 1610612740, 1629026, 2019),
('Jonathan Isaac', 1610612753, 1628371, 2019),
('Aaron Gordon', 1610612753, 203932, 2019),
('Khem Birch', 1610612753, 203920, 2019),
('Evan Fournier', 1610612753, 203095, 2019),
('Markelle Fultz', 1610612753, 1628365, 2019),
('Wes Iwundu', 1610612753, 1628411, 2019),
('D.J. Augustin', 1610612753, 201571, 2019),
('Mo Bamba', 1610612753, 1628964, 2019),
('Terrence Ross', 1610612753, 203082, 2019),
('Melvin Frazier Jr.', 1610612753, 1628982, 2019),
('Amile Jefferson', 1610612753, 1628518, 2019),
('Josh Magette', 1610612753, 203705, 2019),
('OG Anunoby', 1610612761, 1628384, 2019),
('Pascal Siakam', 1610612761, 1627783, 2019),
('Marc Gasol', 1610612761, 201188, 2019),
('Norman Powell', 1610612761, 1626181, 2019),
('Fred VanVleet', 1610612761, 1627832, 2019),
('Serge Ibaka', 1610612761, 201586, 2019),
('Rondae Hollis-Jefferson', 1610612761, 1626178, 2019),
('Terence Davis', 1610612761, 1629056, 2019),
('Chris Boucher', 1610612761, 1628449, 2019),
('Oshae Brissett', 1610612761, 1629052, 2019),
('Malcolm Miller', 1610612761, 1626259, 2019),
('Dewan Hernandez', 1610612761, 1629608, 2019),
('Shamorie Ponds', 1610612761, 1629044, 2019),
('Troy Brown Jr.', 1610612764, 1628972, 2019),
('Rui Hachimura', 1610612764, 1629060, 2019),
('Thomas Bryant', 1610612764, 1628418, 2019),
('Bradley Beal', 1610612764, 203078, 2019),
('Isaiah Thomas', 1610612764, 202738, 2019),
('Davis Bertans', 1610612764, 202722, 2019),
('Ish Smith', 1610612764, 202397, 2019),
('Jordan McRae', 1610612764, 203895, 2019),
('Isaac Bonga', 1610612764, 1629067, 2019),
('Chris Chiozza', 1610612764, 1629185, 2019),
('Ian Mahinmi', 1610612764, 101133, 2019),
('Moritz Wagner', 1610612764, 1629021, 2019),
('Kawhi Leonard', 1610612746, 202695, 2019),
('Maurice Harkless', 1610612746, 203090, 2019),
('Ivica Zubac', 1610612746, 1627826, 2019),
('Paul George', 1610612746, 202331, 2019),
('Patrick Beverley', 1610612746, 201976, 2019),
('Lou Williams', 1610612746, 101150, 2019),
('Montrezl Harrell', 1610612746, 1626149, 2019),
('JaMychal Green', 1610612746, 203210, 2019),
('Jerome Robinson', 1610612746, 1629010, 2019),
('Terance Mann', 1610612746, 1629611, 2019),
('Patrick Patterson', 1610612746, 202335, 2019),
('Derrick Walton Jr.', 1610612746, 1628476, 2019),
('Mfiondu Kabengele', 1610612746, 1629662, 2019),
('Jaylen Brown', 1610612738, 1627759, 2019),
('Jayson Tatum', 1610612738, 1628369, 2019),
('Daniel Theis', 1610612738, 1628464, 2019),
('Marcus Smart', 1610612738, 203935, 2019),
('Kemba Walker', 1610612738, 202689, 2019),
('Enes Kanter', 1610612738, 202683, 2019),
('Grant Williams', 1610612738, 1629684, 2019),
('Javonte Green', 1610612738, 1629750, 2019),
('Brad Wanamaker', 1610612738, 202954, 2019),
('Robert Williams III', 1610612738, 1629057, 2019),
('Semi Ojeleye', 1610612738, 1628400, 2019),
('Carsen Edwards', 1610612738, 1629035, 2019),
('Vincent Poirier', 1610612738, 1629738, 2019),
('Frank Ntilikina', 1610612752, 1628373, 2019),
('Marcus Morris Sr.', 1610612752, 202694, 2019),
('Allen Crabbe', 1610612737, 203459, 2019),
('Ben McLemore', 1610612745, 203463, 2019),
('P.J. Tucker', 1610612745, 200782, 2019),
('Tyson Chandler', 1610612745, 2199, 2019),
('James Harden', 1610612745, 201935, 2019),
('Russell Westbrook', 1610612745, 201566, 2019),
('Isaiah Hartenstein', 1610612745, 1628392, 2019),
('Austin Rivers', 1610612745, 203085, 2019),
('Gary Clark', 1610612745, 1629109, 2019),
('Thabo Sefolosha', 1610612745, 200757, 2019),
('Chris Clemons', 1610612745, 1629598, 2019),
('Clint Capela', 1610612745, 203991, 2019),
('Frank Mason', 1610612749, 1628412, 2019),
('Will Barton', 1610612743, 203115, 2019),
('Paul Millsap', 1610612743, 200794, 2019),
('Nikola Jokic', 1610612743, 203999, 2019),
('Gary Harris', 1610612743, 203914, 2019),
('Jamal Murray', 1610612743, 1627750, 2019),
('Jerami Grant', 1610612743, 203924, 2019),
('Juancho Hernangomez', 1610612743, 1627823, 2019),
('Monte Morris', 1610612743, 1628420, 2019),
('Mason Plumlee', 1610612743, 203486, 2019),
('Malik Beasley', 1610612743, 1627736, 2019),
('Torrey Craig', 1610612743, 1628470, 2019),
('Michael Porter Jr.', 1610612743, 1629008, 2019),
('Wenyen Gabriel', 1610612758, 1629117, 2019),
('Trey Burke', 1610612755, 203504, 2019),
('Zhaire Smith', 1610612755, 1629015, 2019),
('Miye Oni', 1610612762, 1629671, 2019),
('Ja Morant', 1610612763, 1629630, 2019),
('Rodney Hood', 1610612757, 203918, 2019),
('Carmelo Anthony', 1610612757, 2546, 2019),
('Hassan Whiteside', 1610612757, 202355, 2019),
('CJ McCollum', 1610612757, 203468, 2019),
('Damian Lillard', 1610612757, 203081, 2019),
('Nassir Little', 1610612757, 1629642, 2019),
('Anfernee Simons', 1610612757, 1629014, 2019),
('Skal Labissiere', 1610612757, 1627746, 2019),
('Kent Bazemore', 1610612757, 203145, 2019),
('Moses Brown', 1610612757, 1629650, 2019),
('Mario Hezonja', 1610612757, 1626209, 2019),
('Jaylen Hoard', 1610612757, 1629658, 2019),
('Anthony Tolliver', 1610612757, 201229, 2019),
('Cheick Diallo', 1610612756, 1627767, 2019),
('Rodney McGruder', 1610612746, 203585, 2019),
('LaMarcus Aldridge', 1610612759, 200746, 2019),
('Brook Lopez', 1610612749, 201572, 2019),
('Cedi Osman', 1610612739, 1626224, 2019),
('Kevin Love', 1610612739, 201567, 2019),
('Tristan Thompson', 1610612739, 202684, 2019),
('Collin Sexton', 1610612739, 1629012, 2019),
('Darius Garland', 1610612739, 1629636, 2019),
('Larry Nance Jr.', 1610612739, 1626204, 2019),
('Kevin Porter Jr.', 1610612739, 1629645, 2019),
('Jordan Clarkson', 1610612739, 203903, 2019),
('Alfonzo McKinnie', 1610612739, 1628035, 2019),
('Matthew Dellavedova', 1610612739, 203521, 2019),
('Ante Zizic', 1610612739, 1627790, 2019),
('Brandon Knight', 1610612739, 202688, 2019),
('Marial Shayok', 1610612755, 1629621, 2019),
('Al-Farouq Aminu', 1610612753, 202329, 2019),
('Henry Ellenson', 1610612751, 1627740, 2019),
('Timothe Luwawu-Cabarrot', 1610612751, 1627789, 2019),
('Chandler Hutchison', 1610612741, 1628990, 2019),
('D''Angelo Russell', 1610612744, 1626156, 2019),
('Justin Patton', 1610612760, 1628383, 2019),
('Kelan Martin', 1610612750, 1629103, 2019),
('Sterling Brown', 1610612749, 1628425, 2019),
('Cody Martin', 1610612766, 1628998, 2019),
('Danuel House Jr.', 1610612745, 1627863, 2019),
('Josh Richardson', 1610612755, 1626196, 2019),
('Jonah Bolden', 1610612755, 1628413, 2019),
('Juwan Morgan', 1610612762, 1629752, 2019),
('BJ Johnson', 1610612753, 1629168, 2019),
('Rodions Kurucs', 1610612751, 1629066, 2019),
('CJ Miles', 1610612764, 101139, 2019),
('Tremont Waters', 1610612738, 1629682, 2019),
('Jaylen Nowell', 1610612750, 1629669, 2019),
('Admiral Schofield', 1610612764, 1629678, 2019),
('Justin Robinson', 1610612764, 1629620, 2019),
('Deandre Ayton', 1610612756, 1629028, 2019),
('Jordan Bone', 1610612765, 1629648, 2019),
('Gary Trent Jr.', 1610612757, 1629018, 2019),
('Keldon Johnson', 1610612759, 1629640, 2019),
('Matt Thomas', 1610612761, 1629744, 2019),
('Naz Mitrou-Long', 1610612754, 1628513, 2019),
('Hamidou Diallo', 1610612760, 1628977, 2019),
('Dean Wade', 1610612739, 1629731, 2019),
('Ryan Broekhoff', 1610612742, 1629151, 2019),
('DaQuan Jeffries', 1610612758, 1629610, 2019),
('Stanton Kidd', 1610612762, 1629742, 2019),
('Justin Wright-Foreman', 1610612762, 1629625, 2019),
('Nikola Vucevic', 1610612753, 202696, 2019),
('Tyler Cook', 1610612739, 1629076, 2019),
('Zylan Cheatham', 1610612740, 1629597, 2019),
('Josh Gray', 1610612740, 1627982, 2019),
('Jake Layman', 1610612750, 1627774, 2019),
('Brian Bowen II', 1610612754, 1628968, 2019),
('JaKarr Sampson', 1610612754, 203960, 2019),
('Michael Carter-Williams', 1610612753, 203487, 2019),
('Jarred Vanderbilt', 1610612743, 1629020, 2019),
('Charles Brown Jr.', 1610612737, 1629718, 2019),
('Ryan Anderson', 1610612745, 201583, 2019),
('Stanley Johnson', 1610612761, 1626169, 2019),
('Daryl Macon', 1610612748, 1629133, 2019),
('Kyrie Irving', 1610612751, 202681, 2019),
('Caleb Martin', 1610612766, 1628997, 2019),
('Zach Norvell Jr.', 1610612747, 1629668, 2019),
('Edmond Sumner', 1610612754, 1628410, 2019),
('Romeo Langford', 1610612738, 1629641, 2019),
('Avery Bradley', 1610612747, 202340, 2019),
('Kevin Huerter', 1610612737, 1628989, 2019),
('John Collins', 1610612737, 1628381, 2019),
('KZ Okpala', 1610612748, 1629644, 2019),
('Jordan McLaughlin', 1610612750, 1629162, 2019),
('Eric Gordon', 1610612745, 201569, 2019),
('Damion Lee', 1610612744, 1627814, 2019),
('Landry Shamet', 1610612746, 1629013, 2019),
('Talen Horton-Tucker', 1610612747, 1629659, 2019),
('Caris LeVert', 1610612751, 1627747, 2019),
('Gordon Hayward', 1610612738, 202330, 2019),
('John Konchar', 1610612763, 1629723, 2019),
('Pau Gasol', 1610612757, 2200, 2019),
('Jarrell Brantley', 1610612762, 1629714, 2019),
('Kyle Lowry', 1610612761, 200768, 2019),
('Khyri Thomas', 1610612765, 1629017, 2019),
('De''Aaron Fox', 1610612758, 1628368, 2019),
('Dion Waiters', 1610612748, 203079, 2019),
('Otto Porter Jr.', 1610612741, 203490, 2019),
('Michael Frazier', 1610612745, 1626187, 2019),
('DeMarcus Cousins', 1610612747, 202326, 2019),
('Zach Collins', 1610612757, 1628380, 2019),
('Vlatko Cancar', 1610612743, 1628427, 2019),
('Wilson Chandler', 1610612751, 201163, 2019),
('Tacko Fall', 1610612738, 1629605, 2019),
('Stephen Curry', 1610612744, 201939, 2019),
('Patrick McCaw', 1610612761, 1627775, 2019),
('Elfrid Payton', 1610612752, 203901, 2019),
('Kostas Antetokounmpo', 1610612747, 1628961, 2019),
('John Henson', 1610612739, 203089, 2019),
('Garrison Mathews', 1610612764, 1629726, 2019),
('Johnathan Motley', 1610612746, 1628405, 2019),
('Jared Harper', 1610612756, 1629607, 2019),
('PJ Dozier', 1610612743, 1628408, 2019),
('Jalen McDaniels', 1610612766, 1629667, 2019),
('Reggie Jackson', 1610612765, 202704, 2019),
('Marvin Bagley III', 1610612758, 1628963, 2019),
('Isaiah Roby', 1610612742, 1629676, 2019),
('Anzejs Pasecniks', 1610612764, 1628394, 2019),
('Jalen Jones', 1610612764, 1627883, 2019),
('Haywood Highsmith', 1610612755, 1629312, 2019),
('Christ Koumadje', 1610612755, 1629746, 2019),
('Isaiah Miles', 1610612755, 1627776, 2019),
('Isaiah Taylor', 1610612761, 1627819, 2019),
('Cameron Payne', 1610612761, 1626166, 2019),
('Devin Robinson', 1610612761, 1628421, 2019),
('Devin Cannady', 1610612751, 1629962, 2019),
('Kevin Durant', 1610612751, 201142, 2019),
('CJ Massinburg', 1610612751, 1629747, 2019),
('Lance Thomas', 1610612751, 202498, 2019),
('C.J. Williams', 1610612751, 203710, 2019),
('Gerald Green', 1610612745, 101123, 2019),
('Matur Maker', 1610612745, 1629070, 2019),
('Nene', 1610612745, 2403, 2019),
('Ray Spalding', 1610612745, 1629034, 2019),
('Kyle Alexander', 1610612748, 1629734, 2019),
('Davon Reed', 1610612748, 1628432, 2019),
('Skyler Flatten', 1610612748, 1629967, 2019),
('Bubu Palo', 1610612748, 204215, 2019),
('Jalen Adams', 1610612740, 1629824, 2019),
('Javon Bess', 1610612740, 1629715, 2019),
('Kavell Bigby-Williams', 1610612740, 1628448, 2019),
('Darius Miller', 1610612740, 203121, 2019),
('Zion Williamson', 1610612740, 1629627, 2019),
('Reggie Bullock', 1610612752, 203493, 2019),
('V.J. King', 1610612752, 1629722, 2019),
('Lamar Peters', 1610612752, 1629777, 2019),
('Kenny Wooten', 1610612752, 1629624, 2019),
('Bennie Boatwright', 1610612763, 1629594, 2019),
('Andre Iguodala', 1610612763, 2738, 2019),
('Josh Jackson', 1610612763, 1628367, 2019),
('Miles Plumlee', 1610612763, 203101, 2019),
('Ivan Rabb', 1610612763, 1628397, 2019),
('Quinndary Weatherspoon', 1610612759, 1629683, 2019),
('Luka Samanic', 1610612759, 1629677, 2019),
('Daulton Hommes', 1610612759, 1629756, 2019),
('Devontae Cacok', 1610612747, 1629719, 2019),
('Demetrius Jackson', 1610612747, 1627743, 2019),
('Marcus Allen', 1610612747, 1629305, 2019),
('Andrew Harrison', 1610612744, 1626150, 2019),
('Kavion Pippen', 1610612744, 1629800, 2019),
('Juan Toscano-Anderson', 1610612744, 1629308, 2019),
('Alen Smailagic', 1610612744, 1629346, 2019),
('Klay Thompson', 1610612744, 202691, 2019),
('Keljin Blevins', 1610612757, 1629833, 2019),
('Troy Caupain', 1610612757, 1628505, 2019),
('London Perrantes', 1610612757, 1628506, 2019),
('Jusuf Nurkic', 1610612757, 203994, 2019),
('Tyler Zeller', 1610612743, 203092, 2019),
('Bol Bol', 1610612743, 1629626, 2019),
('Josh Reaves', 1610612742, 1629729, 2019),
('Antonius Cleveland', 1610612742, 1628499, 2019),
('Amir Coffey', 1610612746, 1629599, 2019),
('Donte Grantham', 1610612746, 1629055, 2019),
('B.J. Taylor', 1610612746, 1629806, 2019),
('Tahjere McCall', 1610612737, 1628769, 2019),
('Armoni Brooks', 1610612737, 1629717, 2019),
('Marcus Derrickson', 1610612737, 1629094, 2019),
('Jordan Sibert', 1610612737, 1626296, 2019),
('Justin Simon', 1610612741, 1629779, 2019),
('Milton Doyle', 1610612741, 1628495, 2019),
('Adam Mokoka', 1610612741, 1629690, 2019),
('Cristiano Felicio', 1610612741, 1626245, 2019),
('Simisola Shittu', 1610612741, 1629679, 2019),
('Tyus Battle', 1610612750, 1628967, 2019),
('Barry Brown', 1610612750, 1629956, 2019),
('Cameron Reynolds', 1610612749, 1629244, 2019),
('Rayjon Tucker', 1610612749, 1629730, 2019),
('Jon Davis', 1610612753, 1629860, 2019),
('Isaac Humphries', 1610612753, 1629353, 2019),
('Vic Law', 1610612753, 1629724, 2019),
('Joe Johnson', 1610612765, 2207, 2019),
('Todd Withers', 1610612765, 1629270, 2019),
('Donta Hall', 1610612765, 1629743, 2019),
('Louis King', 1610612765, 1629663, 2019),
('Kobi Simmons', 1610612766, 1628424, 2019),
('Robert Franks', 1610612766, 1629606, 2019),
('Ahmed Hill', 1610612766, 1629759, 2019),
('Jaron Blossomgame', 1610612745, 1628417, 2019),
('Jarrod Uthoff', 1610612763, 1627784, 2019),
('Abdul Gaddy', 1610612760, 203583, 2019),
('Luguentz Dort', 1610612760, 1629652, 2019),
('DeVaughn Akoon-Purcell', 1610612760, 1629152, 2019),
('Myke Henry', 1610612760, 1627988, 2019),
('Eric Moreland', 1610612760, 203961, 2019),
('Andre Roberson', 1610612760, 203460, 2019),
('Kyle Collinsworth', 1610612762, 1627858, 2019),
('William Howard', 1610612762, 1629739, 2019),
('Reggie Hearn', 1610612747, 203687, 2019),
('Amida Brimah', 1610612754, 1628578, 2019),
('Walt Lemon Jr.', 1610612754, 1627215, 2019),
('Victor Oladipo', 1610612754, 203506, 2019),
('C.J. Wilcox', 1610612754, 203912, 2019),
('Kaiser Gates', 1610612738, 1629232, 2019),
('Yante Maten', 1610612738, 1628999, 2019),
('Jarell Martin', 1610612739, 1626185, 2019),
('Marques Bolden', 1610612739, 1629716, 2019),
('Sindarius Thornwell', 1610612739, 1628414, 2019),
('Daniel Hamilton', 1610612739, 1627772, 2019),
('J.P. Macura', 1610612739, 1629122, 2019),
('Dylan Windler', 1610612739, 1629685, 2019),
('Jeremiah Martin', 1610612748, 1629725, 2019),
('Mychal Mulder', 1610612748, 1628539, 2019),
('Dusty Hannahs', 1610612763, 1628605, 2019),
('Dakota Mathias', 1610612742, 1629751, 2019),
('Aric Holman', 1610612742, 1629689, 2019),
('Tyler Lydon', 1610612758, 1628399, 2019),
('Hollis Thompson', 1610612758, 203138, 2019),
('Tyler Ulis', 1610612758, 1627755, 2019),
('Jalen Lecque', 1610612756, 1629665, 2019),
('Norense Odiase', 1610612756, 1629826, 2019),
('David Kramer', 1610612756, 1629749, 2019),
('Tariq Owens', 1610612756, 1629745, 2019),
('David Stockton', 1610612747, 204065, 2019),
('Dedric Lawson', 1610612759, 1629664, 2019),
('Perrion Callandret', 1610612741, 1629825, 2019),
('Sagaba Konate', 1610612761, 1628996, 2019),
('Jaylen Adams', 1610612749, 1629121, 2019),
('Luke Maye', 1610612749, 1629612, 2019),
('Justin Anderson', 1610612764, 1626147, 2019),
('Phil Booth', 1610612764, 1629595, 2019),
('Jemerrio Jones', 1610612764, 1629203, 2019),
('John Wall', 1610612764, 202322, 2019),
('Deng Adel', 1610612751, 1629061, 2019),
('John Egbunu', 1610612751, 1629786, 2019),
('Josh Perkins', 1610612766, 1629616, 2019),
('Joe Chealey', 1610612766, 1629147, 2019),
('Amir Hinton', 1610612752, 1629609, 2019),
('Trevon Bluiett', 1610612762, 1629129, 2019),
('Yudai Baba', 1610612742, 1629819, 2019),
('Isaiah Pineiro', 1610612758, 1629753, 2019),
('Eric Mika', 1610612758, 1628450, 2019),
('Jordan Murphy', 1610612750, 1629818, 2019),
('Lindell Wigginton', 1610612750, 1629623, 2019),
('James Palmer Jr.', 1610612746, 1629615, 2019),
('Terry Larrier', 1610612746, 1629097, 2019),
('Thomas Welsh', 1610612766, 1629118, 2019),
('Anthony Bennett', 1610612745, 203461, 2019),
('Devyn Marble', 1610612744, 203906, 2019),
('Hassani Gravett', 1610612753, 1629755, 2019),
('JaKeenan Gant', 1610612754, 1629721, 2019);

-- --------------------------------------------------------

--
-- Estrutura da tabela `jogos`
--

CREATE TABLE IF NOT EXISTS `jogos` (
  `GAME_DATE_EST` varchar(10) DEFAULT NULL,
  `GAME_ID` int(8) NOT NULL DEFAULT '0',
  `GAME_STATUS_TEXT` varchar(5) DEFAULT NULL,
  `HOME_TEAM_ID` int(10) DEFAULT NULL,
  `VISITOR_TEAM_ID` int(10) DEFAULT NULL,
  `PTS_home` decimal(4,1) DEFAULT NULL,
  `AST_home` decimal(3,1) DEFAULT NULL,
  `REB_home` decimal(3,1) DEFAULT NULL,
  `PTS_away` decimal(4,1) DEFAULT NULL,
  `AST_away` decimal(3,1) DEFAULT NULL,
  `REB_away` decimal(3,1) DEFAULT NULL,
  `HOME_TEAM_WINS` int(1) DEFAULT NULL,
  PRIMARY KEY (`GAME_ID`)
) ENGINE=MyISAM DEFAULT CHARSET=utf8;

--
-- Extraindo dados da tabela `jogos`
--

INSERT INTO `jogos` (`GAME_DATE_EST`, `GAME_ID`, `GAME_STATUS_TEXT`, `HOME_TEAM_ID`, `VISITOR_TEAM_ID`, `PTS_home`, `AST_home`, `REB_home`, `PTS_away`, `AST_away`, `REB_away`, `HOME_TEAM_WINS`) VALUES
('2020-03-01', 21900895, 'Final', 1610612766, 1610612749, 85.0, 22.0, 47.0, 93.0, 20.0, 61.0, 0),
('2020-03-01', 21900896, 'Final', 1610612750, 1610612742, 91.0, 19.0, 57.0, 111.0, 28.0, 56.0, 0),
('2020-03-01', 21900897, 'Final', 1610612746, 1610612755, 136.0, 25.0, 37.0, 130.0, 27.0, 37.0, 1),
('2020-03-01', 21900898, 'Final', 1610612743, 1610612761, 133.0, 38.0, 41.0, 118.0, 24.0, 36.0, 1),
('2020-03-01', 21900899, 'Final', 1610612758, 1610612765, 106.0, 18.0, 51.0, 100.0, 23.0, 42.0, 1),
('2020-03-01', 21900900, 'Final', 1610612740, 1610612747, 114.0, 24.0, 52.0, 122.0, 23.0, 36.0, 0),
('2020-03-01', 21900901, 'Final', 1610612744, 1610612764, 110.0, 25.0, 52.0, 124.0, 24.0, 34.0, 0),
('2020-02-29', 21900887, 'Final', 1610612752, 1610612741, 125.0, 29.0, 50.0, 115.0, 26.0, 33.0, 1),
('2020-02-29', 21900888, 'Final', 1610612737, 1610612757, 129.0, 34.0, 36.0, 117.0, 14.0, 42.0, 1),
('2020-02-29', 21900889, 'Final', 1610612748, 1610612751, 116.0, 27.0, 45.0, 113.0, 30.0, 44.0, 1),
('2020-02-29', 21900890, 'Final', 1610612739, 1610612754, 104.0, 30.0, 36.0, 113.0, 30.0, 38.0, 0),
('2020-02-29', 21900891, 'Final', 1610612763, 1610612747, 105.0, 27.0, 51.0, 88.0, 26.0, 45.0, 1),
('2020-02-29', 21900892, 'Final', 1610612738, 1610612745, 110.0, 22.0, 54.0, 111.0, 17.0, 53.0, 0),
('2020-02-29', 21900893, 'Final', 1610612759, 1610612753, 114.0, 28.0, 31.0, 113.0, 28.0, 41.0, 1),
('2020-02-29', 21900894, 'Final', 1610612756, 1610612744, 99.0, 24.0, 40.0, 115.0, 30.0, 49.0, 0),
('2020-02-28', 21900877, 'Final', 1610612753, 1610612750, 136.0, 36.0, 54.0, 125.0, 27.0, 33.0, 1),
('2020-02-28', 21900878, 'Final', 1610612737, 1610612751, 141.0, 32.0, 52.0, 118.0, 30.0, 38.0, 1),
('2020-02-28', 21900879, 'Final', 1610612761, 1610612766, 96.0, 19.0, 45.0, 99.0, 23.0, 58.0, 0),
('2020-02-28', 21900880, 'Final', 1610612748, 1610612742, 126.0, 30.0, 40.0, 118.0, 25.0, 35.0, 1),
('2020-02-28', 21900881, 'Final', 1610612763, 1610612758, 101.0, 27.0, 52.0, 104.0, 24.0, 47.0, 0),
('2020-02-28', 21900882, 'Final', 1610612749, 1610612760, 133.0, 34.0, 66.0, 86.0, 14.0, 36.0, 1),
('2020-02-28', 21900883, 'Final', 1610612740, 1610612739, 116.0, 36.0, 49.0, 104.0, 27.0, 34.0, 1),
('2020-02-28', 21900884, 'Final', 1610612756, 1610612765, 111.0, 31.0, 38.0, 113.0, 27.0, 31.0, 0),
('2020-02-28', 21900885, 'Final', 1610612762, 1610612764, 129.0, 23.0, 54.0, 119.0, 23.0, 41.0, 1),
('2020-02-28', 21900886, 'Final', 1610612746, 1610612743, 132.0, 35.0, 46.0, 103.0, 19.0, 39.0, 1),
('2020-02-27', 21900873, 'Final', 1610612755, 1610612752, 115.0, 32.0, 44.0, 106.0, 28.0, 39.0, 1),
('2020-02-27', 21900874, 'Final', 1610612754, 1610612757, 106.0, 21.0, 48.0, 100.0, 14.0, 45.0, 1),
('2020-02-27', 21900875, 'Final', 1610612760, 1610612758, 112.0, 20.0, 37.0, 108.0, 30.0, 45.0, 1),
('2020-02-27', 21900876, 'Final', 1610612744, 1610612747, 86.0, 27.0, 37.0, 116.0, 24.0, 44.0, 0),
('2020-02-26', 21900864, 'Final', 1610612766, 1610612752, 107.0, 25.0, 37.0, 101.0, 22.0, 42.0, 1),
('2020-02-26', 21900865, 'Final', 1610612739, 1610612755, 108.0, 24.0, 48.0, 94.0, 22.0, 31.0, 1),
('2020-02-26', 21900866, 'Final', 1610612764, 1610612751, 110.0, 22.0, 39.0, 106.0, 15.0, 56.0, 1),
('2020-02-26', 21900867, 'Final', 1610612737, 1610612753, 120.0, 30.0, 42.0, 130.0, 30.0, 52.0, 0),
('2020-02-26', 21900868, 'Final', 1610612748, 1610612750, 126.0, 30.0, 43.0, 129.0, 28.0, 33.0, 0),
('2020-02-26', 21900870, 'Final', 1610612745, 1610612763, 140.0, 22.0, 44.0, 112.0, 28.0, 49.0, 1),
('2020-02-26', 21900869, 'Final', 1610612759, 1610612742, 103.0, 22.0, 55.0, 109.0, 25.0, 43.0, 0),
('2020-02-26', 21900871, 'Final', 1610612756, 1610612746, 92.0, 29.0, 48.0, 102.0, 22.0, 46.0, 0),
('2020-02-26', 21900872, 'Final', 1610612762, 1610612738, 103.0, 16.0, 41.0, 114.0, 21.0, 44.0, 0),
('2020-02-25', 21900857, 'Final', 1610612754, 1610612766, 119.0, 35.0, 56.0, 80.0, 22.0, 39.0, 1),
('2020-02-25', 21900858, 'Final', 1610612761, 1610612749, 97.0, 21.0, 43.0, 108.0, 23.0, 53.0, 0),
('2020-02-25', 21900859, 'Final', 1610612741, 1610612760, 122.0, 22.0, 39.0, 124.0, 25.0, 37.0, 0),
('2020-02-25', 21900860, 'Final', 1610612743, 1610612765, 115.0, 33.0, 41.0, 98.0, 24.0, 33.0, 1),
('2020-02-25', 21900861, 'Final', 1610612747, 1610612740, 118.0, 27.0, 51.0, 109.0, 31.0, 45.0, 1),
('2020-02-25', 21900862, 'Final', 1610612757, 1610612738, 106.0, 24.0, 41.0, 118.0, 19.0, 45.0, 0),
('2020-02-25', 21900863, 'Final', 1610612744, 1610612758, 94.0, 21.0, 34.0, 112.0, 25.0, 40.0, 0),
('2020-02-24', 21900849, 'Final', 1610612739, 1610612748, 125.0, 25.0, 53.0, 119.0, 33.0, 49.0, 1),
('2020-02-24', 21900850, 'Final', 1610612755, 1610612737, 129.0, 27.0, 48.0, 112.0, 19.0, 44.0, 1),
('2020-02-24', 21900851, 'Final', 1610612764, 1610612749, 134.0, 27.0, 41.0, 137.0, 26.0, 45.0, 0),
('2020-02-24', 21900852, 'Final', 1610612751, 1610612753, 113.0, 29.0, 49.0, 115.0, 27.0, 41.0, 0),
('2020-02-24', 21900853, 'Final', 1610612745, 1610612752, 123.0, 20.0, 38.0, 112.0, 20.0, 54.0, 1),
('2020-02-24', 21900854, 'Final', 1610612742, 1610612750, 139.0, 28.0, 54.0, 123.0, 16.0, 42.0, 1),
('2020-02-24', 21900855, 'Final', 1610612762, 1610612756, 111.0, 16.0, 30.0, 131.0, 33.0, 38.0, 0),
('2020-02-24', 21900856, 'Final', 1610612746, 1610612763, 124.0, 33.0, 50.0, 97.0, 20.0, 45.0, 1),
('2020-02-23', 21900842, 'Final', 1610612747, 1610612738, 114.0, 20.0, 46.0, 112.0, 20.0, 44.0, 1),
('2020-02-23', 21900843, 'Final', 1610612761, 1610612754, 127.0, 32.0, 57.0, 81.0, 23.0, 39.0, 1),
('2020-02-23', 21900844, 'Final', 1610612743, 1610612750, 128.0, 29.0, 38.0, 116.0, 26.0, 38.0, 1),
('2020-02-23', 21900845, 'Final', 1610612741, 1610612764, 126.0, 27.0, 37.0, 117.0, 24.0, 34.0, 1),
('2020-02-23', 21900846, 'Final', 1610612760, 1610612759, 131.0, 28.0, 54.0, 103.0, 27.0, 43.0, 1),
('2020-02-23', 21900847, 'Final', 1610612744, 1610612740, 101.0, 28.0, 48.0, 115.0, 34.0, 52.0, 0),
('2020-02-23', 21900848, 'Final', 1610612757, 1610612765, 107.0, 20.0, 41.0, 104.0, 18.0, 44.0, 1),
('2020-02-22', 21900835, 'Final', 1610612746, 1610612758, 103.0, 20.0, 47.0, 112.0, 25.0, 48.0, 0),
('2020-02-22', 21900836, 'Final', 1610612766, 1610612751, 86.0, 22.0, 45.0, 115.0, 26.0, 54.0, 0),
('2020-02-22', 21900837, 'Final', 1610612737, 1610612742, 111.0, 27.0, 53.0, 107.0, 23.0, 48.0, 1),
('2020-02-22', 21900838, 'Final', 1610612748, 1610612739, 124.0, 34.0, 29.0, 105.0, 29.0, 40.0, 1),
('2020-02-22', 21900839, 'Final', 1610612741, 1610612756, 104.0, 18.0, 38.0, 112.0, 26.0, 47.0, 0),
('2020-02-22', 21900840, 'Final', 1610612749, 1610612755, 119.0, 35.0, 57.0, 98.0, 17.0, 43.0, 1),
('2020-02-22', 21900841, 'Final', 1610612762, 1610612745, 110.0, 18.0, 46.0, 120.0, 20.0, 42.0, 0),
('2020-02-21', 21900826, 'Final', 1610612753, 1610612742, 106.0, 21.0, 48.0, 122.0, 26.0, 50.0, 0),
('2020-02-21', 21900827, 'Final', 1610612764, 1610612739, 108.0, 24.0, 47.0, 113.0, 19.0, 47.0, 0),
('2020-02-21', 21900828, 'Final', 1610612752, 1610612754, 98.0, 21.0, 40.0, 106.0, 20.0, 50.0, 0),
('2020-02-21', 21900829, 'Final', 1610612761, 1610612756, 118.0, 24.0, 48.0, 101.0, 29.0, 34.0, 1),
('2020-02-21', 21900830, 'Final', 1610612750, 1610612738, 117.0, 23.0, 43.0, 127.0, 21.0, 58.0, 0),
('2020-02-21', 21900831, 'Final', 1610612760, 1610612743, 113.0, 19.0, 44.0, 101.0, 19.0, 39.0, 1),
('2020-02-21', 21900832, 'Final', 1610612762, 1610612759, 104.0, 25.0, 47.0, 113.0, 22.0, 48.0, 0),
('2020-02-21', 21900833, 'Final', 1610612747, 1610612763, 117.0, 25.0, 49.0, 105.0, 22.0, 50.0, 1),
('2020-02-21', 21900834, 'Final', 1610612757, 1610612740, 115.0, 20.0, 46.0, 128.0, 36.0, 46.0, 0),
('2020-02-20', 21900820, 'Final', 1610612765, 1610612749, 106.0, 25.0, 46.0, 126.0, 24.0, 41.0, 0),
('2020-02-20', 21900821, 'Final', 1610612737, 1610612748, 129.0, 22.0, 41.0, 124.0, 28.0, 51.0, 1),
('2020-02-20', 21900822, 'Final', 1610612755, 1610612751, 112.0, 19.0, 48.0, 104.0, 22.0, 49.0, 1),
('2020-02-20', 21900823, 'Final', 1610612741, 1610612766, 93.0, 24.0, 38.0, 103.0, 22.0, 44.0, 0),
('2020-02-20', 21900824, 'Final', 1610612758, 1610612763, 129.0, 22.0, 27.0, 125.0, 25.0, 51.0, 1),
('2020-02-20', 21900825, 'Final', 1610612744, 1610612745, 105.0, 26.0, 40.0, 135.0, 31.0, 36.0, 0),
('2020-02-13', 21900818, 'Final', 1610612738, 1610612746, 141.0, 22.0, 51.0, 133.0, 19.0, 55.0, 1),
('2020-02-13', 21900819, 'Final', 1610612740, 1610612760, 118.0, 31.0, 46.0, 123.0, 28.0, 40.0, 0),
('2020-02-12', 21900807, 'Final', 1610612739, 1610612737, 127.0, 25.0, 55.0, 105.0, 24.0, 38.0, 1),
('2020-02-12', 21900808, 'Final', 1610612753, 1610612765, 116.0, 34.0, 46.0, 112.0, 28.0, 47.0, 1),
('2020-02-12', 21900809, 'Final', 1610612751, 1610612761, 101.0, 27.0, 55.0, 91.0, 21.0, 42.0, 1),
('2020-02-12', 21900810, 'Final', 1610612754, 1610612749, 118.0, 28.0, 44.0, 111.0, 18.0, 44.0, 1),
('2020-02-12', 21900811, 'Final', 1610612752, 1610612764, 96.0, 19.0, 52.0, 114.0, 25.0, 40.0, 0),
('2020-02-12', 21900812, 'Final', 1610612763, 1610612757, 111.0, 26.0, 57.0, 104.0, 21.0, 51.0, 1),
('2020-02-12', 21900813, 'Final', 1610612750, 1610612766, 108.0, 25.0, 48.0, 115.0, 22.0, 52.0, 0),
('2020-02-12', 21900814, 'Final', 1610612742, 1610612758, 130.0, 34.0, 47.0, 111.0, 26.0, 40.0, 1),
('2020-02-12', 21900815, 'Final', 1610612756, 1610612744, 112.0, 25.0, 40.0, 106.0, 27.0, 38.0, 1),
('2020-02-12', 21900816, 'Final', 1610612762, 1610612748, 116.0, 23.0, 53.0, 101.0, 19.0, 37.0, 1),
('2020-02-12', 21900817, 'Final', 1610612743, 1610612747, 116.0, 32.0, 42.0, 120.0, 29.0, 49.0, 0),
('2020-02-11', 21900802, 'Final', 1610612755, 1610612746, 110.0, 25.0, 50.0, 103.0, 25.0, 42.0, 1),
('2020-02-11', 21900803, 'Final', 1610612764, 1610612741, 126.0, 28.0, 44.0, 114.0, 25.0, 44.0, 1),
('2020-02-11', 21900804, 'Final', 1610612740, 1610612757, 138.0, 40.0, 50.0, 117.0, 21.0, 40.0, 1),
('2020-02-11', 21900805, 'Final', 1610612760, 1610612759, 106.0, 19.0, 35.0, 114.0, 20.0, 46.0, 0),
('2020-02-11', 21900806, 'Final', 1610612745, 1610612738, 116.0, 17.0, 45.0, 105.0, 24.0, 48.0, 1),
('2020-02-10', 21900793, 'Final', 1610612765, 1610612766, 76.0, 21.0, 52.0, 87.0, 19.0, 45.0, 0),
('2020-02-10', 21900794, 'Final', 1610612754, 1610612751, 105.0, 28.0, 40.0, 106.0, 20.0, 53.0, 0),
('2020-02-10', 21900795, 'Final', 1610612753, 1610612737, 135.0, 33.0, 45.0, 126.0, 33.0, 31.0, 1),
('2020-02-10', 21900796, 'Final', 1610612761, 1610612750, 137.0, 29.0, 41.0, 126.0, 24.0, 38.0, 1),
('2020-02-10', 21900797, 'Final', 1610612749, 1610612758, 123.0, 26.0, 55.0, 111.0, 23.0, 49.0, 1),
('2020-02-10', 21900798, 'Final', 1610612742, 1610612762, 119.0, 24.0, 26.0, 123.0, 27.0, 45.0, 0),
('2020-02-10', 21900799, 'Final', 1610612743, 1610612759, 127.0, 34.0, 37.0, 120.0, 33.0, 36.0, 1),
('2020-02-10', 21900800, 'Final', 1610612744, 1610612748, 101.0, 23.0, 40.0, 113.0, 36.0, 45.0, 0),
('2020-02-10', 21900801, 'Final', 1610612747, 1610612756, 125.0, 28.0, 59.0, 100.0, 26.0, 29.0, 1),
('2020-02-09', 21900786, 'Final', 1610612760, 1610612738, 111.0, 14.0, 44.0, 112.0, 19.0, 53.0, 0),
('2020-02-09', 21900787, 'Final', 1610612737, 1610612752, 140.0, 29.0, 50.0, 135.0, 30.0, 56.0, 1),
('2020-02-09', 21900788, 'Final', 1610612755, 1610612741, 118.0, 29.0, 44.0, 111.0, 23.0, 42.0, 1),
('2020-02-09', 21900789, 'Final', 1610612764, 1610612763, 99.0, 25.0, 50.0, 106.0, 19.0, 62.0, 0),
('2020-02-09', 21900790, 'Final', 1610612745, 1610612762, 113.0, 20.0, 36.0, 114.0, 25.0, 48.0, 0),
('2020-02-09', 21900791, 'Final', 1610612739, 1610612746, 92.0, 22.0, 45.0, 133.0, 28.0, 52.0, 0),
('2020-02-09', 21900792, 'Final', 1610612757, 1610612748, 115.0, 20.0, 43.0, 109.0, 31.0, 49.0, 1),
('2020-02-08', 21900777, 'Final', 1610612753, 1610612749, 95.0, 28.0, 46.0, 111.0, 26.0, 62.0, 0),
('2020-02-08', 21900778, 'Final', 1610612766, 1610612742, 100.0, 15.0, 39.0, 116.0, 29.0, 46.0, 0),
('2020-02-08', 21900779, 'Final', 1610612765, 1610612752, 92.0, 21.0, 28.0, 95.0, 24.0, 47.0, 0),
('2020-02-08', 21900780, 'Final', 1610612754, 1610612740, 117.0, 25.0, 37.0, 124.0, 27.0, 53.0, 0),
('2020-02-08', 21900781, 'Final', 1610612761, 1610612751, 119.0, 22.0, 48.0, 118.0, 27.0, 46.0, 1),
('2020-02-08', 21900782, 'Final', 1610612750, 1610612746, 142.0, 39.0, 46.0, 115.0, 24.0, 43.0, 1),
('2020-02-08', 21900783, 'Final', 1610612744, 1610612747, 120.0, 31.0, 33.0, 125.0, 29.0, 47.0, 0),
('2020-02-08', 21900784, 'Final', 1610612756, 1610612743, 108.0, 25.0, 41.0, 117.0, 23.0, 40.0, 0),
('2020-02-08', 21900785, 'Final', 1610612758, 1610612759, 122.0, 25.0, 39.0, 102.0, 23.0, 41.0, 1),
('2020-02-07', 21900769, 'Final', 1610612755, 1610612763, 119.0, 34.0, 50.0, 107.0, 25.0, 40.0, 1),
('2020-02-07', 21900770, 'Final', 1610612764, 1610612742, 119.0, 28.0, 39.0, 118.0, 27.0, 49.0, 1),
('2020-02-07', 21900771, 'Final', 1610612738, 1610612737, 112.0, 23.0, 47.0, 107.0, 21.0, 46.0, 1),
('2020-02-07', 21900772, 'Final', 1610612754, 1610612761, 106.0, 26.0, 47.0, 115.0, 28.0, 39.0, 0),
('2020-02-07', 21900773, 'Final', 1610612760, 1610612765, 108.0, 21.0, 42.0, 101.0, 19.0, 37.0, 1),
('2020-02-07', 21900774, 'Final', 1610612756, 1610612745, 127.0, 29.0, 51.0, 91.0, 16.0, 29.0, 1),
('2020-02-07', 21900775, 'Final', 1610612758, 1610612748, 105.0, 29.0, 36.0, 97.0, 21.0, 42.0, 1),
('2020-02-07', 21900776, 'Final', 1610612762, 1610612757, 117.0, 21.0, 56.0, 114.0, 14.0, 43.0, 1),
('2020-02-06', 21900764, 'Final', 1610612752, 1610612753, 105.0, 27.0, 39.0, 103.0, 22.0, 39.0, 1),
('2020-02-06', 21900765, 'Final', 1610612741, 1610612740, 119.0, 25.0, 40.0, 125.0, 38.0, 45.0, 0),
('2020-02-06', 21900766, 'Final', 1610612749, 1610612755, 112.0, 19.0, 60.0, 101.0, 24.0, 50.0, 1),
('2020-02-06', 21900767, 'Final', 1610612757, 1610612759, 125.0, 28.0, 50.0, 117.0, 25.0, 39.0, 1),
('2020-02-06', 21900768, 'Final', 1610612747, 1610612745, 111.0, 33.0, 38.0, 121.0, 20.0, 37.0, 0),
('2020-02-05', 21900755, 'Final', 1610612765, 1610612756, 116.0, 31.0, 42.0, 108.0, 29.0, 37.0, 1),
('2020-02-05', 21900756, 'Final', 1610612738, 1610612753, 116.0, 23.0, 41.0, 100.0, 20.0, 39.0, 1),
('2020-02-05', 21900757, 'Final', 1610612751, 1610612744, 129.0, 29.0, 65.0, 88.0, 20.0, 34.0, 1),
('2020-02-05', 21900758, 'Final', 1610612761, 1610612754, 119.0, 27.0, 37.0, 118.0, 29.0, 42.0, 1),
('2020-02-05', 21900759, 'Final', 1610612750, 1610612737, 120.0, 18.0, 33.0, 127.0, 23.0, 44.0, 0),
('2020-02-05', 21900760, 'Final', 1610612760, 1610612739, 109.0, 21.0, 40.0, 103.0, 31.0, 45.0, 1),
('2020-02-05', 21900761, 'Final', 1610612742, 1610612763, 107.0, 19.0, 42.0, 121.0, 27.0, 52.0, 0),
('2020-02-05', 21900762, 'Final', 1610612762, 1610612743, 95.0, 20.0, 46.0, 98.0, 23.0, 52.0, 0),
('2020-02-05', 21900763, 'Final', 1610612746, 1610612748, 128.0, 35.0, 51.0, 111.0, 29.0, 46.0, 1),
('2020-02-04', 21900751, 'Final', 1610612740, 1610612749, 108.0, 26.0, 49.0, 120.0, 34.0, 53.0, 0),
('2020-02-04', 21900752, 'Final', 1610612745, 1610612766, 125.0, 25.0, 41.0, 110.0, 22.0, 53.0, 1),
('2020-02-04', 21900753, 'Final', 1610612743, 1610612757, 127.0, 30.0, 50.0, 99.0, 16.0, 36.0, 1),
('2020-02-04', 21900754, 'Final', 1610612747, 1610612759, 129.0, 28.0, 58.0, 102.0, 21.0, 28.0, 1),
('2020-02-03', 21900741, 'Final', 1610612766, 1610612753, 100.0, 24.0, 46.0, 112.0, 35.0, 37.0, 0),
('2020-02-03', 21900742, 'Final', 1610612739, 1610612752, 134.0, 34.0, 34.0, 139.0, 33.0, 46.0, 0),
('2020-02-03', 21900743, 'Final', 1610612754, 1610612742, 103.0, 28.0, 40.0, 112.0, 20.0, 51.0, 0),
('2020-02-03', 21900744, 'Final', 1610612764, 1610612744, 117.0, 28.0, 35.0, 125.0, 31.0, 44.0, 0),
('2020-02-03', 21900745, 'Final', 1610612737, 1610612738, 115.0, 22.0, 32.0, 123.0, 21.0, 44.0, 0),
('2020-02-03', 21900746, 'Final', 1610612751, 1610612756, 119.0, 28.0, 44.0, 97.0, 23.0, 43.0, 1),
('2020-02-03', 21900747, 'Final', 1610612748, 1610612755, 137.0, 27.0, 35.0, 106.0, 24.0, 44.0, 1),
('2020-02-03', 21900748, 'Final', 1610612763, 1610612765, 96.0, 27.0, 47.0, 82.0, 21.0, 51.0, 1),
('2020-02-03', 21900749, 'Final', 1610612758, 1610612750, 113.0, 26.0, 34.0, 109.0, 25.0, 45.0, 1),
('2020-02-03', 21900750, 'Final', 1610612746, 1610612759, 108.0, 28.0, 51.0, 105.0, 21.0, 46.0, 1),
('2020-02-02', 21900737, 'Final', 1610612765, 1610612743, 128.0, 33.0, 43.0, 123.0, 30.0, 47.0, 1),
('2020-02-02', 21900738, 'Final', 1610612745, 1610612740, 117.0, 22.0, 43.0, 109.0, 21.0, 63.0, 1),
('2020-02-02', 21900739, 'Final', 1610612749, 1610612756, 129.0, 30.0, 60.0, 108.0, 20.0, 49.0, 1),
('2020-02-02', 21900740, 'Final', 1610612761, 1610612741, 129.0, 28.0, 46.0, 102.0, 25.0, 41.0, 1),
('2020-02-01', 21900727, 'Final', 1610612746, 1610612750, 118.0, 20.0, 50.0, 106.0, 24.0, 44.0, 1),
('2020-02-01', 21900728, 'Final', 1610612754, 1610612752, 85.0, 21.0, 34.0, 92.0, 19.0, 57.0, 0),
('2020-02-01', 21900729, 'Final', 1610612753, 1610612748, 89.0, 21.0, 39.0, 102.0, 24.0, 48.0, 0),
('2020-02-01', 21900730, 'Final', 1610612739, 1610612744, 112.0, 26.0, 46.0, 131.0, 39.0, 44.0, 0),
('2020-02-01', 21900731, 'Final', 1610612764, 1610612751, 113.0, 21.0, 51.0, 107.0, 25.0, 53.0, 1),
('2020-02-01', 21900732, 'Final', 1610612738, 1610612755, 116.0, 15.0, 42.0, 95.0, 15.0, 47.0, 1),
('2020-02-01', 21900733, 'Final', 1610612742, 1610612737, 123.0, 26.0, 53.0, 100.0, 19.0, 50.0, 1),
('2020-02-01', 21900734, 'Final', 1610612759, 1610612766, 114.0, 27.0, 44.0, 90.0, 29.0, 37.0, 1),
('2020-02-01', 21900736, 'Final', 1610612758, 1610612747, 113.0, 21.0, 44.0, 129.0, 33.0, 46.0, 0),
('2020-02-01', 21900735, 'Final', 1610612757, 1610612762, 124.0, 20.0, 51.0, 107.0, 19.0, 37.0, 1),
('2020-01-31', 21900720, 'Final', 1610612765, 1610612761, 92.0, 18.0, 45.0, 105.0, 26.0, 42.0, 0),
('2020-01-31', 21900721, 'Final', 1610612751, 1610612741, 133.0, 31.0, 37.0, 118.0, 27.0, 38.0, 1),
('2020-01-31', 21900722, 'Final', 1610612745, 1610612742, 128.0, 25.0, 37.0, 121.0, 29.0, 52.0, 1),
('2020-01-31', 21900723, 'Final', 1610612740, 1610612763, 139.0, 30.0, 57.0, 111.0, 17.0, 34.0, 1),
('2020-01-31', 21900724, 'Final', 1610612749, 1610612743, 115.0, 29.0, 46.0, 127.0, 29.0, 50.0, 0),
('2020-01-31', 21900725, 'Final', 1610612756, 1610612760, 107.0, 20.0, 40.0, 111.0, 26.0, 41.0, 0),
('2020-01-31', 21900726, 'Final', 1610612747, 1610612757, 119.0, 28.0, 62.0, 127.0, 25.0, 40.0, 0),
('2020-01-30', 21900714, 'Final', 1610612739, 1610612761, 109.0, 23.0, 52.0, 115.0, 23.0, 37.0, 0),
('2020-01-30', 21900715, 'Final', 1610612764, 1610612766, 121.0, 24.0, 57.0, 107.0, 32.0, 38.0, 1),
('2020-01-30', 21900716, 'Final', 1610612737, 1610612755, 127.0, 29.0, 48.0, 117.0, 22.0, 42.0, 1),
('2020-01-30', 21900717, 'Final', 1610612738, 1610612744, 119.0, 27.0, 51.0, 104.0, 24.0, 30.0, 1),
('2020-01-30', 21900718, 'Final', 1610612743, 1610612762, 106.0, 25.0, 43.0, 100.0, 24.0, 35.0, 1),
('2020-01-30', 21900719, 'Final', 1610612746, 1610612758, 103.0, 26.0, 39.0, 124.0, 27.0, 47.0, 0),
('2020-01-29', 21900708, 'Final', 1610612754, 1610612741, 115.0, 26.0, 46.0, 106.0, 26.0, 34.0, 1),
('2020-01-29', 21900709, 'Final', 1610612751, 1610612765, 125.0, 26.0, 37.0, 115.0, 25.0, 41.0, 1),
('2020-01-29', 21900710, 'Final', 1610612752, 1610612763, 106.0, 26.0, 46.0, 127.0, 25.0, 44.0, 0),
('2020-01-29', 21900711, 'Final', 1610612759, 1610612762, 127.0, 23.0, 35.0, 120.0, 18.0, 43.0, 1),
('2020-01-29', 21900712, 'Final', 1610612757, 1610612745, 125.0, 24.0, 50.0, 112.0, 21.0, 39.0, 1),
('2020-01-29', 21900713, 'Final', 1610612758, 1610612760, 100.0, 22.0, 39.0, 120.0, 32.0, 45.0, 0),
('2020-01-28', 21900699, 'Final', 1610612766, 1610612752, 97.0, 22.0, 51.0, 92.0, 17.0, 41.0, 1),
('2020-01-28', 21900702, 'Final', 1610612755, 1610612744, 115.0, 28.0, 44.0, 104.0, 29.0, 40.0, 1),
('2020-01-28', 21900700, 'Final', 1610612739, 1610612740, 111.0, 25.0, 46.0, 125.0, 29.0, 40.0, 0),
('2020-01-28', 21900703, 'Final', 1610612761, 1610612737, 130.0, 26.0, 52.0, 114.0, 28.0, 44.0, 1),
('2020-01-28', 21900701, 'Final', 1610612748, 1610612738, 101.0, 15.0, 45.0, 109.0, 24.0, 48.0, 0),
('2020-01-28', 21900704, 'Final', 1610612763, 1610612743, 104.0, 32.0, 41.0, 96.0, 23.0, 44.0, 1),
('2020-01-28', 21900705, 'Final', 1610612749, 1610612764, 151.0, 31.0, 46.0, 131.0, 28.0, 35.0, 1),
('2020-01-28', 21900706, 'Final', 1610612742, 1610612756, 104.0, 19.0, 33.0, 133.0, 34.0, 39.0, 0),
('2020-01-27', 21900693, 'Final', 1610612765, 1610612739, 100.0, 18.0, 37.0, 115.0, 25.0, 45.0, 0),
('2020-01-27', 21900694, 'Final', 1610612748, 1610612753, 113.0, 31.0, 41.0, 92.0, 23.0, 41.0, 1),
('2020-01-27', 21900695, 'Final', 1610612741, 1610612759, 110.0, 28.0, 50.0, 109.0, 21.0, 47.0, 1),
('2020-01-27', 21900696, 'Final', 1610612750, 1610612758, 129.0, 29.0, 45.0, 133.0, 27.0, 44.0, 0),
('2020-01-27', 21900697, 'Final', 1610612760, 1610612742, 97.0, 23.0, 48.0, 107.0, 21.0, 56.0, 0),
('2020-01-27', 21900698, 'Final', 1610612762, 1610612745, 117.0, 24.0, 38.0, 126.0, 14.0, 40.0, 0),
('2020-01-26', 21900685, 'Final', 1610612743, 1610612745, 117.0, 28.0, 42.0, 110.0, 19.0, 44.0, 1),
('2020-01-26', 21900686, 'Final', 1610612759, 1610612761, 106.0, 27.0, 48.0, 110.0, 31.0, 50.0, 0),
('2020-01-26', 21900687, 'Final', 1610612737, 1610612764, 152.0, 30.0, 48.0, 133.0, 20.0, 34.0, 1),
('2020-01-26', 21900688, 'Final', 1610612752, 1610612751, 110.0, 19.0, 48.0, 97.0, 21.0, 34.0, 1),
('2020-01-26', 21900689, 'Final', 1610612753, 1610612746, 97.0, 27.0, 44.0, 112.0, 20.0, 53.0, 0),
('2020-01-26', 21900690, 'Final', 1610612763, 1610612756, 114.0, 25.0, 46.0, 109.0, 23.0, 42.0, 1),
('2020-01-26', 21900691, 'Final', 1610612740, 1610612738, 123.0, 31.0, 54.0, 108.0, 21.0, 37.0, 1),
('2020-01-26', 21900692, 'Final', 1610612757, 1610612754, 139.0, 27.0, 43.0, 129.0, 31.0, 31.0, 1),
('2020-01-25', 21900680, 'Final', 1610612762, 1610612742, 112.0, 22.0, 54.0, 107.0, 19.0, 44.0, 1),
('2020-01-25', 21900681, 'Final', 1610612765, 1610612751, 111.0, 20.0, 52.0, 121.0, 19.0, 55.0, 0),
('2020-01-25', 21900682, 'Final', 1610612739, 1610612741, 106.0, 30.0, 43.0, 118.0, 24.0, 36.0, 0),
('2020-01-25', 21900683, 'Final', 1610612750, 1610612760, 104.0, 33.0, 41.0, 113.0, 20.0, 43.0, 0),
('2020-01-25', 21900684, 'Final', 1610612755, 1610612747, 108.0, 19.0, 41.0, 91.0, 23.0, 35.0, 1),
('2020-01-24', 21900669, 'Final', 1610612766, 1610612749, 103.0, 24.0, 39.0, 116.0, 26.0, 53.0, 0),
('2020-01-24', 21900670, 'Final', 1610612765, 1610612763, 112.0, 23.0, 37.0, 125.0, 27.0, 49.0, 0),
('2020-01-24', 21900671, 'Final', 1610612753, 1610612738, 98.0, 18.0, 46.0, 109.0, 27.0, 44.0, 0),
('2020-01-24', 21900672, 'Final', 1610612752, 1610612761, 112.0, 26.0, 46.0, 118.0, 25.0, 31.0, 0),
('2020-01-24', 21900673, 'Final', 1610612748, 1610612746, 117.0, 25.0, 45.0, 122.0, 33.0, 48.0, 0),
('2020-01-24', 21900674, 'Final', 1610612741, 1610612758, 81.0, 23.0, 43.0, 98.0, 24.0, 42.0, 0),
('2020-01-24', 21900675, 'Final', 1610612750, 1610612745, 124.0, 28.0, 51.0, 131.0, 24.0, 35.0, 0),
('2020-01-24', 21900676, 'Final', 1610612740, 1610612743, 106.0, 24.0, 45.0, 113.0, 26.0, 56.0, 0),
('2020-01-24', 21900677, 'Final', 1610612760, 1610612737, 140.0, 28.0, 45.0, 111.0, 24.0, 37.0, 1),
('2020-01-24', 21900678, 'Final', 1610612759, 1610612756, 99.0, 19.0, 43.0, 103.0, 25.0, 42.0, 0),
('2020-01-24', 21900679, 'Final', 1610612744, 1610612754, 118.0, 31.0, 38.0, 129.0, 35.0, 36.0, 0),
('2020-01-23', 21900666, 'Final', 1610612739, 1610612764, 112.0, 24.0, 36.0, 124.0, 28.0, 41.0, 0),
('2020-01-23', 21900667, 'Final', 1610612751, 1610612747, 113.0, 30.0, 41.0, 128.0, 28.0, 52.0, 0),
('2020-01-23', 21900668, 'Final', 1610612757, 1610612742, 125.0, 20.0, 43.0, 133.0, 27.0, 41.0, 0),
('2020-01-22', 21900654, 'Final', 1610612765, 1610612758, 127.0, 19.0, 48.0, 106.0, 23.0, 45.0, 1),
('2020-01-22', 21900655, 'Final', 1610612753, 1610612760, 114.0, 26.0, 39.0, 120.0, 22.0, 36.0, 0),
('2020-01-22', 21900660, 'Final', 1610612761, 1610612755, 107.0, 27.0, 53.0, 95.0, 25.0, 45.0, 1),
('2020-01-22', 21900656, 'Final', 1610612737, 1610612746, 102.0, 21.0, 63.0, 95.0, 19.0, 45.0, 1),
('2020-01-22', 21900657, 'Final', 1610612738, 1610612763, 119.0, 32.0, 44.0, 95.0, 24.0, 40.0, 1),
('2020-01-22', 21900658, 'Final', 1610612748, 1610612764, 134.0, 29.0, 43.0, 129.0, 30.0, 41.0, 1),
('2020-01-22', 21900659, 'Final', 1610612752, 1610612747, 92.0, 24.0, 47.0, 100.0, 18.0, 43.0, 0),
('2020-01-22', 21900661, 'Final', 1610612741, 1610612750, 117.0, 21.0, 50.0, 110.0, 27.0, 43.0, 1),
('2020-01-22', 21900662, 'Final', 1610612745, 1610612743, 121.0, 26.0, 53.0, 105.0, 25.0, 40.0, 1),
('2020-01-22', 21900664, 'Final', 1610612756, 1610612754, 87.0, 13.0, 44.0, 112.0, 26.0, 42.0, 0),
('2020-01-22', 21900663, 'Final', 1610612740, 1610612759, 117.0, 26.0, 41.0, 121.0, 17.0, 44.0, 0),
('2020-01-22', 21900665, 'Final', 1610612744, 1610612762, 96.0, 20.0, 37.0, 129.0, 31.0, 56.0, 0),
('2020-01-21', 21900653, 'Final', 1610612742, 1610612746, 107.0, 23.0, 49.0, 110.0, 19.0, 57.0, 0),
('2020-01-20', 21900639, 'Final', 1610612764, 1610612765, 106.0, 22.0, 44.0, 100.0, 19.0, 41.0, 1),
('2020-01-20', 21900640, 'Final', 1610612737, 1610612761, 117.0, 26.0, 50.0, 122.0, 25.0, 45.0, 0),
('2020-01-20', 21900641, 'Final', 1610612751, 1610612755, 111.0, 22.0, 47.0, 117.0, 30.0, 43.0, 0),
('2020-01-20', 21900642, 'Final', 1610612766, 1610612753, 83.0, 21.0, 39.0, 106.0, 25.0, 47.0, 0),
('2020-01-20', 21900643, 'Final', 1610612739, 1610612752, 86.0, 15.0, 53.0, 106.0, 17.0, 49.0, 0),
('2020-01-20', 21900644, 'Final', 1610612748, 1610612758, 118.0, 26.0, 42.0, 113.0, 27.0, 49.0, 1),
('2020-01-20', 21900645, 'Final', 1610612745, 1610612760, 107.0, 21.0, 43.0, 112.0, 14.0, 47.0, 0),
('2020-01-20', 21900646, 'Final', 1610612763, 1610612740, 116.0, 26.0, 51.0, 126.0, 24.0, 43.0, 0),
('2020-01-20', 21900647, 'Final', 1610612749, 1610612741, 111.0, 34.0, 48.0, 98.0, 18.0, 39.0, 1),
('2020-01-20', 21900648, 'Final', 1610612738, 1610612747, 139.0, 31.0, 48.0, 107.0, 22.0, 36.0, 1),
('2020-01-20', 21900649, 'Final', 1610612750, 1610612743, 100.0, 26.0, 42.0, 107.0, 26.0, 53.0, 0),
('2020-01-20', 21900650, 'Final', 1610612756, 1610612759, 118.0, 26.0, 43.0, 120.0, 30.0, 31.0, 0),
('2020-01-20', 21900651, 'Final', 1610612762, 1610612754, 118.0, 22.0, 53.0, 88.0, 23.0, 30.0, 1),
('2020-01-20', 21900652, 'Final', 1610612757, 1610612744, 129.0, 21.0, 54.0, 124.0, 30.0, 60.0, 1),
('2020-01-19', 21900637, 'Final', 1610612759, 1610612748, 107.0, 27.0, 43.0, 102.0, 23.0, 47.0, 1),
('2020-01-19', 21900638, 'Final', 1610612743, 1610612754, 107.0, 22.0, 44.0, 115.0, 31.0, 38.0, 0),
('2020-01-18', 21900626, 'Final', 1610612740, 1610612746, 130.0, 32.0, 48.0, 133.0, 22.0, 36.0, 0),
('2020-01-18', 21900627, 'Final', 1610612751, 1610612749, 97.0, 23.0, 47.0, 117.0, 30.0, 54.0, 0),
('2020-01-18', 21900628, 'Final', 1610612738, 1610612756, 119.0, 26.0, 39.0, 123.0, 27.0, 52.0, 0),
('2020-01-18', 21900629, 'Final', 1610612737, 1610612765, 103.0, 18.0, 32.0, 136.0, 31.0, 41.0, 0),
('2020-01-18', 21900630, 'Final', 1610612752, 1610612755, 87.0, 20.0, 48.0, 90.0, 26.0, 41.0, 0),
('2020-01-18', 21900631, 'Final', 1610612741, 1610612739, 118.0, 25.0, 26.0, 116.0, 27.0, 36.0, 1),
('2020-01-18', 21900632, 'Final', 1610612750, 1610612761, 112.0, 34.0, 49.0, 122.0, 25.0, 42.0, 0),
('2020-01-18', 21900633, 'Final', 1610612745, 1610612747, 115.0, 20.0, 46.0, 124.0, 25.0, 49.0, 0),
('2020-01-18', 21900634, 'Final', 1610612744, 1610612753, 109.0, 25.0, 44.0, 95.0, 21.0, 46.0, 1),
('2020-01-18', 21900635, 'Final', 1610612760, 1610612757, 119.0, 25.0, 48.0, 106.0, 11.0, 40.0, 1),
('2020-01-18', 21900636, 'Final', 1610612762, 1610612758, 123.0, 24.0, 47.0, 101.0, 20.0, 37.0, 1),
('2020-01-17', 21900619, 'Final', 1610612754, 1610612750, 116.0, 24.0, 41.0, 114.0, 22.0, 36.0, 1),
('2020-01-17', 21900620, 'Final', 1610612755, 1610612741, 100.0, 30.0, 44.0, 89.0, 21.0, 37.0, 1),
('2020-01-17', 21900621, 'Final', 1610612761, 1610612764, 140.0, 35.0, 41.0, 111.0, 19.0, 43.0, 1),
('2020-01-17', 21900622, 'Final', 1610612763, 1610612739, 113.0, 32.0, 44.0, 109.0, 18.0, 50.0, 1),
('2020-01-17', 21900623, 'Final', 1610612760, 1610612748, 108.0, 29.0, 35.0, 115.0, 26.0, 45.0, 0),
('2020-01-17', 21900624, 'Final', 1610612759, 1610612737, 120.0, 28.0, 48.0, 121.0, 21.0, 43.0, 0),
('2020-01-17', 21900625, 'Final', 1610612742, 1610612757, 120.0, 19.0, 43.0, 112.0, 25.0, 40.0, 1),
('2020-01-16', 21900614, 'Final', 1610612752, 1610612756, 98.0, 21.0, 40.0, 121.0, 31.0, 53.0, 0),
('2020-01-16', 21900615, 'Final', 1610612749, 1610612738, 128.0, 21.0, 50.0, 123.0, 16.0, 43.0, 1),
('2020-01-16', 21900616, 'Final', 1610612740, 1610612762, 138.0, 29.0, 45.0, 132.0, 23.0, 43.0, 1),
('2020-01-16', 21900617, 'Final', 1610612744, 1610612743, 131.0, 36.0, 42.0, 134.0, 31.0, 56.0, 0),
('2020-01-16', 21900618, 'Final', 1610612746, 1610612753, 122.0, 29.0, 59.0, 95.0, 24.0, 42.0, 1),
('2020-01-15', 21900604, 'Final', 1610612738, 1610612765, 103.0, 21.0, 44.0, 116.0, 30.0, 34.0, 0),
('2020-01-15', 21900605, 'Final', 1610612755, 1610612751, 117.0, 25.0, 49.0, 106.0, 20.0, 44.0, 1),
('2020-01-15', 21900606, 'Final', 1610612748, 1610612759, 106.0, 26.0, 49.0, 100.0, 22.0, 41.0, 1),
('2020-01-15', 21900607, 'Final', 1610612741, 1610612764, 115.0, 26.0, 41.0, 106.0, 25.0, 38.0, 1),
('2020-01-15', 21900608, 'Final', 1610612750, 1610612754, 99.0, 26.0, 45.0, 104.0, 27.0, 45.0, 0),
('2020-01-15', 21900609, 'Final', 1610612760, 1610612761, 121.0, 32.0, 31.0, 130.0, 33.0, 36.0, 0),
('2020-01-15', 21900610, 'Final', 1610612743, 1610612766, 100.0, 28.0, 40.0, 86.0, 28.0, 42.0, 1),
('2020-01-15', 21900611, 'Final', 1610612745, 1610612757, 107.0, 24.0, 50.0, 117.0, 22.0, 58.0, 0),
('2020-01-15', 21900612, 'Final', 1610612758, 1610612742, 123.0, 28.0, 42.0, 127.0, 24.0, 47.0, 0),
('2020-01-15', 21900613, 'Final', 1610612747, 1610612753, 118.0, 34.0, 48.0, 119.0, 22.0, 48.0, 0),
('2020-01-14', 21900598, 'Final', 1610612737, 1610612756, 123.0, 25.0, 46.0, 110.0, 20.0, 40.0, 1),
('2020-01-14', 21900599, 'Final', 1610612751, 1610612762, 107.0, 22.0, 43.0, 118.0, 19.0, 41.0, 0),
('2020-01-14', 21900600, 'Final', 1610612763, 1610612745, 121.0, 29.0, 42.0, 110.0, 18.0, 41.0, 1),
('2020-01-14', 21900601, 'Final', 1610612749, 1610612752, 128.0, 27.0, 59.0, 102.0, 26.0, 49.0, 1),
('2020-01-14', 21900602, 'Final', 1610612744, 1610612742, 97.0, 27.0, 36.0, 124.0, 23.0, 53.0, 0),
('2020-01-14', 21900603, 'Final', 1610612746, 1610612739, 128.0, 29.0, 53.0, 103.0, 25.0, 40.0, 1),
('2020-01-13', 21900591, 'Final', 1610612765, 1610612740, 110.0, 27.0, 43.0, 117.0, 23.0, 61.0, 0),
('2020-01-13', 21900592, 'Final', 1610612754, 1610612755, 101.0, 24.0, 50.0, 95.0, 17.0, 52.0, 1),
('2020-01-13', 21900593, 'Final', 1610612738, 1610612741, 113.0, 28.0, 43.0, 101.0, 16.0, 38.0, 1),
('2020-01-13', 21900594, 'Final', 1610612750, 1610612760, 104.0, 23.0, 37.0, 117.0, 25.0, 51.0, 0),
('2020-01-13', 21900595, 'Final', 1610612757, 1610612766, 115.0, 26.0, 47.0, 112.0, 24.0, 42.0, 1),
('2020-01-13', 21900596, 'Final', 1610612758, 1610612753, 112.0, 25.0, 44.0, 114.0, 17.0, 46.0, 0),
('2020-01-13', 21900597, 'Final', 1610612747, 1610612739, 128.0, 33.0, 45.0, 99.0, 21.0, 40.0, 1),
('2020-01-12', 21900584, 'Final', 1610612752, 1610612748, 124.0, 24.0, 39.0, 121.0, 24.0, 39.0, 1),
('2020-01-12', 21900585, 'Final', 1610612764, 1610612762, 116.0, 28.0, 37.0, 127.0, 24.0, 44.0, 0),
('2020-01-12', 21900586, 'Final', 1610612751, 1610612737, 108.0, 25.0, 62.0, 86.0, 23.0, 33.0, 1),
('2020-01-12', 21900587, 'Final', 1610612761, 1610612759, 104.0, 30.0, 45.0, 105.0, 24.0, 51.0, 0),
('2020-01-12', 21900588, 'Final', 1610612763, 1610612744, 122.0, 33.0, 60.0, 102.0, 23.0, 47.0, 1),
('2020-01-12', 21900589, 'Final', 1610612743, 1610612746, 114.0, 24.0, 44.0, 104.0, 21.0, 42.0, 1),
('2020-01-12', 21900590, 'Final', 1610612756, 1610612766, 100.0, 22.0, 51.0, 92.0, 25.0, 37.0, 1),
('2020-01-11', 21900577, 'Final', 1610612745, 1610612750, 139.0, 29.0, 58.0, 109.0, 28.0, 44.0, 1),
('2020-01-11', 21900578, 'Final', 1610612738, 1610612740, 140.0, 29.0, 53.0, 105.0, 29.0, 43.0, 1),
('2020-01-11', 21900579, 'Final', 1610612765, 1610612741, 99.0, 22.0, 42.0, 108.0, 24.0, 38.0, 0),
('2020-01-11', 21900580, 'Final', 1610612760, 1610612747, 110.0, 23.0, 37.0, 125.0, 21.0, 54.0, 0),
('2020-01-11', 21900581, 'Final', 1610612742, 1610612755, 109.0, 22.0, 54.0, 91.0, 22.0, 43.0, 1),
('2020-01-11', 21900582, 'Final', 1610612743, 1610612739, 103.0, 23.0, 42.0, 111.0, 22.0, 55.0, 0),
('2020-01-11', 21900583, 'Final', 1610612757, 1610612749, 101.0, 17.0, 48.0, 122.0, 21.0, 60.0, 0),
('2020-01-10', 21900567, 'Final', 1610612764, 1610612737, 111.0, 26.0, 57.0, 101.0, 19.0, 56.0, 1),
('2020-01-10', 21900569, 'Final', 1610612752, 1610612740, 111.0, 26.0, 46.0, 123.0, 35.0, 43.0, 0),
('2020-01-10', 21900568, 'Final', 1610612751, 1610612748, 117.0, 31.0, 51.0, 113.0, 26.0, 40.0, 1),
('2020-01-10', 21900570, 'Final', 1610612741, 1610612754, 105.0, 16.0, 36.0, 116.0, 31.0, 46.0, 0),
('2020-01-10', 21900571, 'Final', 1610612763, 1610612759, 134.0, 39.0, 49.0, 121.0, 29.0, 37.0, 1),
('2020-01-10', 21900573, 'Final', 1610612756, 1610612753, 98.0, 19.0, 44.0, 94.0, 15.0, 49.0, 1),
('2020-01-10', 21900574, 'Final', 1610612762, 1610612766, 109.0, 28.0, 40.0, 92.0, 20.0, 37.0, 1),
('2020-01-10', 21900572, 'Final', 1610612742, 1610612747, 114.0, 19.0, 47.0, 129.0, 18.0, 49.0, 0),
('2020-01-10', 21900575, 'Final', 1610612758, 1610612749, 106.0, 26.0, 45.0, 127.0, 29.0, 52.0, 0),
('2020-01-10', 21900576, 'Final', 1610612746, 1610612744, 109.0, 27.0, 54.0, 100.0, 28.0, 46.0, 1),
('2020-01-09', 21900563, 'Final', 1610612765, 1610612739, 112.0, 20.0, 46.0, 115.0, 24.0, 39.0, 0),
('2020-01-09', 21900564, 'Final', 1610612755, 1610612738, 109.0, 24.0, 48.0, 98.0, 17.0, 38.0, 1),
('2020-01-09', 21900565, 'Final', 1610612750, 1610612757, 116.0, 25.0, 56.0, 102.0, 14.0, 41.0, 1),
('2020-01-09', 21900566, 'Final', 1610612760, 1610612745, 113.0, 22.0, 52.0, 92.0, 16.0, 39.0, 1),
('2020-01-08', 21900554, 'Final', 1610612738, 1610612759, 114.0, 26.0, 39.0, 129.0, 28.0, 49.0, 0),
('2020-01-08', 21900555, 'Final', 1610612766, 1610612761, 110.0, 30.0, 50.0, 112.0, 34.0, 46.0, 0),
('2020-01-08', 21900556, 'Final', 1610612754, 1610612748, 108.0, 25.0, 37.0, 122.0, 28.0, 41.0, 0),
('2020-01-08', 21900557, 'Final', 1610612753, 1610612764, 123.0, 24.0, 51.0, 89.0, 24.0, 40.0, 1),
('2020-01-08', 21900558, 'Final', 1610612737, 1610612745, 115.0, 20.0, 54.0, 122.0, 22.0, 59.0, 0),
('2020-01-08', 21900559, 'Final', 1610612742, 1610612743, 106.0, 27.0, 38.0, 107.0, 27.0, 38.0, 0),
('2020-01-08', 21900560, 'Final', 1610612740, 1610612741, 123.0, 31.0, 50.0, 108.0, 22.0, 39.0, 1),
('2020-01-08', 21900561, 'Final', 1610612762, 1610612752, 128.0, 29.0, 50.0, 104.0, 18.0, 41.0, 1),
('2020-01-08', 21900562, 'Final', 1610612744, 1610612749, 98.0, 29.0, 52.0, 107.0, 22.0, 47.0, 0),
('2020-01-07', 21900548, 'Final', 1610612739, 1610612765, 113.0, 29.0, 46.0, 115.0, 26.0, 40.0, 0),
('2020-01-07', 21900549, 'Final', 1610612761, 1610612757, 99.0, 21.0, 57.0, 101.0, 23.0, 45.0, 0),
('2020-01-07', 21900550, 'Final', 1610612751, 1610612760, 103.0, 19.0, 52.0, 111.0, 19.0, 51.0, 0),
('2020-01-07', 21900551, 'Final', 1610612763, 1610612750, 119.0, 22.0, 44.0, 112.0, 23.0, 40.0, 1),
('2020-01-07', 21900552, 'Final', 1610612756, 1610612758, 103.0, 24.0, 41.0, 114.0, 18.0, 41.0, 0),
('2020-01-07', 21900553, 'Final', 1610612747, 1610612752, 117.0, 27.0, 48.0, 87.0, 15.0, 47.0, 1),
('2020-01-06', 21900539, 'Final', 1610612766, 1610612754, 104.0, 21.0, 38.0, 115.0, 31.0, 43.0, 0),
('2020-01-06', 21900540, 'Final', 1610612753, 1610612751, 101.0, 21.0, 60.0, 89.0, 20.0, 46.0, 1),
('2020-01-06', 21900541, 'Final', 1610612755, 1610612760, 120.0, 31.0, 42.0, 113.0, 17.0, 47.0, 1),
('2020-01-06', 21900542, 'Final', 1610612764, 1610612738, 99.0, 18.0, 47.0, 94.0, 17.0, 55.0, 1),
('2020-01-06', 21900543, 'Final', 1610612737, 1610612743, 115.0, 24.0, 34.0, 123.0, 27.0, 41.0, 0),
('2020-01-06', 21900544, 'Final', 1610612740, 1610612762, 126.0, 23.0, 48.0, 128.0, 19.0, 43.0, 0),
('2020-01-06', 21900545, 'Final', 1610612742, 1610612741, 118.0, 25.0, 43.0, 110.0, 25.0, 45.0, 1),
('2020-01-06', 21900546, 'Final', 1610612759, 1610612749, 126.0, 23.0, 54.0, 104.0, 24.0, 38.0, 1),
('2020-01-06', 21900547, 'Final', 1610612758, 1610612744, 111.0, 27.0, 43.0, 98.0, 19.0, 44.0, 1),
('2020-01-05', 21900534, 'Final', 1610612746, 1610612752, 135.0, 25.0, 42.0, 132.0, 22.0, 37.0, 1),
('2020-01-05', 21900535, 'Final', 1610612748, 1610612757, 122.0, 34.0, 47.0, 111.0, 21.0, 40.0, 1),
('2020-01-05', 21900536, 'Final', 1610612739, 1610612750, 103.0, 15.0, 44.0, 118.0, 32.0, 43.0, 0),
('2020-01-05', 21900537, 'Final', 1610612756, 1610612763, 114.0, 25.0, 46.0, 121.0, 31.0, 42.0, 0),
('2020-01-05', 21900538, 'Final', 1610612747, 1610612765, 106.0, 23.0, 50.0, 99.0, 21.0, 43.0, 1),
('2020-01-04', 21900523, 'Final', 1610612746, 1610612763, 114.0, 20.0, 49.0, 140.0, 36.0, 54.0, 0),
('2020-01-04', 21900524, 'Final', 1610612751, 1610612761, 102.0, 24.0, 38.0, 121.0, 21.0, 43.0, 0),
('2020-01-04', 21900525, 'Final', 1610612753, 1610612762, 96.0, 21.0, 46.0, 109.0, 22.0, 51.0, 0),
('2020-01-04', 21900526, 'Final', 1610612737, 1610612754, 116.0, 22.0, 40.0, 111.0, 24.0, 39.0, 1),
('2020-01-04', 21900527, 'Final', 1610612739, 1610612760, 106.0, 19.0, 42.0, 121.0, 24.0, 52.0, 0),
('2020-01-04', 21900528, 'Final', 1610612764, 1610612743, 128.0, 20.0, 49.0, 114.0, 18.0, 33.0, 1),
('2020-01-04', 21900529, 'Final', 1610612741, 1610612738, 104.0, 23.0, 37.0, 111.0, 22.0, 44.0, 0),
('2020-01-04', 21900530, 'Final', 1610612742, 1610612766, 120.0, 28.0, 41.0, 123.0, 27.0, 53.0, 0),
('2020-01-04', 21900531, 'Final', 1610612749, 1610612759, 127.0, 23.0, 49.0, 118.0, 20.0, 50.0, 1),
('2020-01-04', 21900532, 'Final', 1610612744, 1610612765, 104.0, 26.0, 42.0, 111.0, 24.0, 46.0, 0),
('2020-01-04', 21900533, 'Final', 1610612758, 1610612740, 115.0, 20.0, 51.0, 117.0, 28.0, 44.0, 0),
('2020-01-03', 21900517, 'Final', 1610612738, 1610612737, 109.0, 23.0, 54.0, 106.0, 26.0, 42.0, 1),
('2020-01-03', 21900518, 'Final', 1610612753, 1610612748, 105.0, 25.0, 44.0, 85.0, 16.0, 49.0, 1),
('2020-01-03', 21900519, 'Final', 1610612764, 1610612757, 103.0, 19.0, 41.0, 122.0, 16.0, 41.0, 0),
('2020-01-03', 21900520, 'Final', 1610612745, 1610612755, 118.0, 22.0, 46.0, 108.0, 32.0, 44.0, 1),
('2020-01-03', 21900521, 'Final', 1610612756, 1610612752, 120.0, 28.0, 48.0, 112.0, 19.0, 52.0, 1),
('2020-01-03', 21900522, 'Final', 1610612747, 1610612740, 123.0, 29.0, 47.0, 113.0, 24.0, 40.0, 1),
('2020-01-02', 21900508, 'Final', 1610612739, 1610612766, 106.0, 26.0, 42.0, 109.0, 25.0, 39.0, 0),
('2020-01-02', 21900509, 'Final', 1610612754, 1610612743, 116.0, 32.0, 34.0, 124.0, 27.0, 47.0, 0),
('2020-01-02', 21900510, 'Final', 1610612748, 1610612761, 84.0, 23.0, 50.0, 76.0, 20.0, 48.0, 1),
('2020-01-02', 21900511, 'Final', 1610612741, 1610612762, 98.0, 22.0, 45.0, 102.0, 24.0, 42.0, 0),
('2020-01-02', 21900512, 'Final', 1610612750, 1610612744, 99.0, 22.0, 52.0, 84.0, 20.0, 43.0, 1),
('2020-01-02', 21900513, 'Final', 1610612742, 1610612751, 123.0, 22.0, 46.0, 111.0, 29.0, 44.0, 1),
('2020-01-02', 21900514, 'Final', 1610612759, 1610612760, 103.0, 22.0, 45.0, 109.0, 19.0, 43.0, 0),
('2020-01-02', 21900515, 'Final', 1610612758, 1610612763, 128.0, 26.0, 41.0, 123.0, 31.0, 42.0, 1),
('2020-01-02', 21900516, 'Final', 1610612746, 1610612765, 126.0, 29.0, 51.0, 112.0, 20.0, 45.0, 1),
('2020-01-01', 21900504, 'Final', 1610612764, 1610612753, 101.0, 18.0, 46.0, 122.0, 25.0, 52.0, 0),
('2020-01-01', 21900505, 'Final', 1610612752, 1610612757, 117.0, 29.0, 55.0, 93.0, 17.0, 47.0, 1),
('2020-01-01', 21900506, 'Final', 1610612749, 1610612750, 106.0, 24.0, 60.0, 104.0, 18.0, 48.0, 1),
('2020-01-01', 21900507, 'Final', 1610612747, 1610612756, 117.0, 25.0, 45.0, 107.0, 32.0, 47.0, 1),
('2019-12-31', 21900497, 'Final', 1610612766, 1610612738, 92.0, 25.0, 41.0, 109.0, 25.0, 54.0, 0),
('2019-12-31', 21900498, 'Final', 1610612754, 1610612755, 115.0, 35.0, 38.0, 97.0, 24.0, 47.0, 1),
('2019-12-31', 21900499, 'Final', 1610612758, 1610612746, 87.0, 20.0, 41.0, 105.0, 21.0, 51.0, 0),
('2019-12-31', 21900500, 'Final', 1610612761, 1610612739, 117.0, 29.0, 45.0, 97.0, 21.0, 41.0, 1),
('2019-12-31', 21900501, 'Final', 1610612745, 1610612743, 130.0, 20.0, 43.0, 104.0, 25.0, 39.0, 1),
('2019-12-31', 21900502, 'Final', 1610612759, 1610612744, 117.0, 30.0, 53.0, 113.0, 31.0, 44.0, 1),
('2019-12-31', 21900503, 'Final', 1610612760, 1610612742, 106.0, 18.0, 56.0, 101.0, 19.0, 49.0, 1),
('2019-12-30', 21900491, 'Final', 1610612753, 1610612737, 93.0, 22.0, 40.0, 101.0, 21.0, 52.0, 0),
('2019-12-30', 21900492, 'Final', 1610612764, 1610612748, 123.0, 26.0, 40.0, 105.0, 18.0, 44.0, 1),
('2019-12-30', 21900493, 'Final', 1610612741, 1610612749, 102.0, 26.0, 43.0, 123.0, 29.0, 59.0, 0),
('2019-12-30', 21900494, 'Final', 1610612750, 1610612751, 122.0, 20.0, 60.0, 115.0, 22.0, 58.0, 1),
('2019-12-30', 21900495, 'Final', 1610612762, 1610612765, 104.0, 20.0, 46.0, 81.0, 14.0, 43.0, 1),
('2019-12-30', 21900496, 'Final', 1610612757, 1610612756, 116.0, 24.0, 42.0, 122.0, 29.0, 44.0, 0),
('2019-12-29', 21900486, 'Final', 1610612761, 1610612760, 97.0, 21.0, 42.0, 98.0, 15.0, 43.0, 0),
('2019-12-29', 21900487, 'Final', 1610612763, 1610612766, 117.0, 30.0, 50.0, 104.0, 23.0, 42.0, 1),
('2019-12-29', 21900488, 'Final', 1610612740, 1610612745, 127.0, 32.0, 47.0, 112.0, 29.0, 41.0, 1),
('2019-12-29', 21900489, 'Final', 1610612743, 1610612758, 120.0, 23.0, 37.0, 115.0, 32.0, 35.0, 1),
('2019-12-29', 21900490, 'Final', 1610612747, 1610612742, 108.0, 28.0, 39.0, 95.0, 17.0, 45.0, 1),
('2019-12-28', 21900472, 'Final', 1610612743, 1610612763, 119.0, 28.0, 43.0, 110.0, 32.0, 45.0, 1),
('2019-12-28', 21900473, 'Final', 1610612738, 1610612761, 97.0, 18.0, 31.0, 113.0, 27.0, 53.0, 0),
('2019-12-28', 21900474, 'Final', 1610612740, 1610612754, 120.0, 25.0, 49.0, 98.0, 17.0, 46.0, 1),
('2019-12-28', 21900475, 'Final', 1610612748, 1610612755, 117.0, 26.0, 43.0, 116.0, 24.0, 47.0, 1),
('2019-12-28', 21900476, 'Final', 1610612764, 1610612752, 100.0, 16.0, 49.0, 107.0, 25.0, 56.0, 0),
('2019-12-28', 21900477, 'Final', 1610612741, 1610612737, 116.0, 22.0, 51.0, 81.0, 24.0, 39.0, 1),
('2019-12-28', 21900478, 'Final', 1610612745, 1610612751, 108.0, 16.0, 54.0, 98.0, 24.0, 47.0, 1),
('2019-12-28', 21900479, 'Final', 1610612750, 1610612739, 88.0, 17.0, 39.0, 94.0, 13.0, 61.0, 0),
('2019-12-28', 21900480, 'Final', 1610612749, 1610612753, 111.0, 30.0, 57.0, 100.0, 21.0, 35.0, 1),
('2019-12-28', 21900481, 'Final', 1610612759, 1610612765, 136.0, 30.0, 51.0, 109.0, 20.0, 40.0, 1),
('2019-12-28', 21900482, 'Final', 1610612744, 1610612742, 121.0, 28.0, 42.0, 141.0, 35.0, 46.0, 0),
('2019-12-28', 21900483, 'Final', 1610612758, 1610612756, 110.0, 19.0, 36.0, 112.0, 30.0, 41.0, 0),
('2019-12-28', 21900484, 'Final', 1610612757, 1610612747, 120.0, 18.0, 39.0, 128.0, 32.0, 44.0, 0),
('2019-12-28', 21900485, 'Final', 1610612746, 1610612762, 107.0, 22.0, 46.0, 120.0, 25.0, 47.0, 0),
('2019-12-27', 21900466, 'Final', 1610612738, 1610612739, 129.0, 28.0, 43.0, 117.0, 22.0, 38.0, 1),
('2019-12-27', 21900467, 'Final', 1610612766, 1610612760, 102.0, 26.0, 54.0, 104.0, 19.0, 49.0, 0),
('2019-12-27', 21900468, 'Final', 1610612753, 1610612755, 98.0, 26.0, 48.0, 97.0, 23.0, 45.0, 1),
('2019-12-27', 21900469, 'Final', 1610612737, 1610612749, 86.0, 20.0, 46.0, 112.0, 29.0, 56.0, 0),
('2019-12-27', 21900470, 'Final', 1610612748, 1610612754, 113.0, 29.0, 56.0, 112.0, 27.0, 34.0, 1),
('2019-12-27', 21900471, 'Final', 1610612744, 1610612756, 105.0, 22.0, 41.0, 96.0, 22.0, 49.0, 1),
('2019-12-26', 21900460, 'Final', 1610612765, 1610612764, 132.0, 32.0, 48.0, 102.0, 18.0, 44.0, 1),
('2019-12-26', 21900461, 'Final', 1610612751, 1610612752, 82.0, 17.0, 50.0, 94.0, 16.0, 60.0, 0),
('2019-12-26', 21900462, 'Final', 1610612760, 1610612763, 97.0, 23.0, 34.0, 110.0, 26.0, 50.0, 0),
('2019-12-26', 21900463, 'Final', 1610612742, 1610612759, 102.0, 22.0, 52.0, 98.0, 18.0, 45.0, 1),
('2019-12-26', 21900464, 'Final', 1610612758, 1610612750, 104.0, 20.0, 67.0, 105.0, 23.0, 65.0, 0),
('2019-12-26', 21900465, 'Final', 1610612762, 1610612757, 121.0, 22.0, 41.0, 115.0, 14.0, 43.0, 1),
('2019-12-25', 21900455, 'Final', 1610612761, 1610612738, 102.0, 17.0, 34.0, 118.0, 26.0, 45.0, 0),
('2019-12-25', 21900456, 'Final', 1610612755, 1610612749, 121.0, 29.0, 49.0, 109.0, 23.0, 47.0, 1),
('2019-12-25', 21900457, 'Final', 1610612744, 1610612745, 116.0, 27.0, 54.0, 104.0, 19.0, 49.0, 1),
('2019-12-25', 21900458, 'Final', 1610612747, 1610612746, 106.0, 24.0, 42.0, 111.0, 24.0, 50.0, 0),
('2019-12-25', 21900459, 'Final', 1610612743, 1610612740, 100.0, 24.0, 40.0, 112.0, 23.0, 52.0, 0),
('2019-12-23', 21900444, 'Final', 1610612739, 1610612737, 121.0, 19.0, 43.0, 118.0, 23.0, 37.0, 1),
('2019-12-23', 21900445, 'Final', 1610612765, 1610612755, 109.0, 27.0, 30.0, 125.0, 33.0, 48.0, 0),
('2019-12-23', 21900446, 'Final', 1610612754, 1610612761, 120.0, 34.0, 45.0, 115.0, 30.0, 50.0, 1),
('2019-12-23', 21900447, 'Final', 1610612752, 1610612764, 115.0, 29.0, 44.0, 121.0, 27.0, 48.0, 0),
('2019-12-23', 21900448, 'Final', 1610612753, 1610612741, 103.0, 23.0, 46.0, 95.0, 20.0, 47.0, 1),
('2019-12-23', 21900449, 'Final', 1610612748, 1610612762, 107.0, 16.0, 56.0, 104.0, 17.0, 45.0, 1),
('2019-12-23', 21900450, 'Final', 1610612763, 1610612759, 115.0, 28.0, 35.0, 145.0, 36.0, 46.0, 0),
('2019-12-23', 21900451, 'Final', 1610612756, 1610612743, 111.0, 29.0, 38.0, 113.0, 31.0, 39.0, 0),
('2019-12-23', 21900452, 'Final', 1610612757, 1610612740, 94.0, 17.0, 48.0, 102.0, 23.0, 55.0, 0),
('2019-12-23', 21900453, 'Final', 1610612758, 1610612745, 104.0, 20.0, 49.0, 113.0, 18.0, 39.0, 0),
('2019-12-23', 21900454, 'Final', 1610612744, 1610612750, 113.0, 27.0, 55.0, 104.0, 16.0, 40.0, 1),
('2019-12-22', 21900439, 'Final', 1610612761, 1610612742, 110.0, 21.0, 51.0, 107.0, 27.0, 53.0, 1),
('2019-12-22', 21900440, 'Final', 1610612738, 1610612766, 119.0, 25.0, 57.0, 93.0, 26.0, 27.0, 1),
('2019-12-22', 21900441, 'Final', 1610612749, 1610612754, 117.0, 31.0, 61.0, 89.0, 27.0, 48.0, 1),
('2019-12-22', 21900442, 'Final', 1610612760, 1610612746, 118.0, 24.0, 49.0, 112.0, 22.0, 42.0, 1),
('2019-12-22', 21900443, 'Final', 1610612747, 1610612743, 104.0, 18.0, 45.0, 128.0, 31.0, 44.0, 0),
('2019-12-21', 21900430, 'Final', 1610612766, 1610612762, 107.0, 20.0, 36.0, 114.0, 27.0, 42.0, 0),
('2019-12-21', 21900431, 'Final', 1610612751, 1610612737, 122.0, 23.0, 61.0, 112.0, 17.0, 52.0, 1),
('2019-12-21', 21900432, 'Final', 1610612765, 1610612741, 107.0, 30.0, 29.0, 119.0, 21.0, 46.0, 0),
('2019-12-21', 21900433, 'Final', 1610612755, 1610612764, 125.0, 28.0, 53.0, 108.0, 18.0, 38.0, 1),
('2019-12-21', 21900434, 'Final', 1610612752, 1610612749, 102.0, 23.0, 47.0, 123.0, 26.0, 52.0, 0),
('2019-12-21', 21900435, 'Final', 1610612763, 1610612758, 119.0, 32.0, 44.0, 115.0, 22.0, 51.0, 1),
('2019-12-21', 21900436, 'Final', 1610612759, 1610612746, 109.0, 24.0, 36.0, 134.0, 32.0, 43.0, 0),
('2019-12-21', 21900437, 'Final', 1610612756, 1610612745, 125.0, 26.0, 41.0, 139.0, 23.0, 37.0, 0),
('2019-12-21', 21900438, 'Final', 1610612757, 1610612750, 113.0, 19.0, 45.0, 106.0, 16.0, 39.0, 1),
('2019-12-20', 21900420, 'Final', 1610612739, 1610612763, 114.0, 26.0, 60.0, 107.0, 31.0, 46.0, 1),
('2019-12-20', 21900421, 'Final', 1610612754, 1610612758, 119.0, 34.0, 39.0, 105.0, 25.0, 41.0, 1),
('2019-12-20', 21900422, 'Final', 1610612738, 1610612765, 114.0, 24.0, 51.0, 93.0, 21.0, 36.0, 1),
('2019-12-20', 21900423, 'Final', 1610612761, 1610612764, 122.0, 26.0, 42.0, 118.0, 24.0, 39.0, 1),
('2019-12-20', 21900424, 'Final', 1610612748, 1610612752, 129.0, 34.0, 51.0, 114.0, 23.0, 41.0, 1),
('2019-12-20', 21900425, 'Final', 1610612755, 1610612742, 98.0, 25.0, 46.0, 117.0, 23.0, 49.0, 0),
('2019-12-20', 21900426, 'Final', 1610612760, 1610612756, 126.0, 23.0, 41.0, 108.0, 26.0, 37.0, 1),
('2019-12-20', 21900427, 'Final', 1610612743, 1610612750, 109.0, 27.0, 44.0, 100.0, 20.0, 46.0, 1),
('2019-12-20', 21900428, 'Final', 1610612757, 1610612753, 118.0, 16.0, 54.0, 103.0, 21.0, 48.0, 1),
('2019-12-20', 21900429, 'Final', 1610612744, 1610612740, 106.0, 25.0, 47.0, 102.0, 23.0, 48.0, 1),
('2019-12-19', 21900416, 'Final', 1610612737, 1610612762, 106.0, 24.0, 40.0, 111.0, 18.0, 53.0, 0),
('2019-12-19', 21900417, 'Final', 1610612749, 1610612747, 111.0, 22.0, 40.0, 104.0, 24.0, 38.0, 1),
('2019-12-19', 21900418, 'Final', 1610612759, 1610612751, 118.0, 26.0, 47.0, 105.0, 16.0, 47.0, 1),
('2019-12-19', 21900419, 'Final', 1610612746, 1610612745, 117.0, 23.0, 38.0, 122.0, 23.0, 43.0, 0),
('2019-12-18', 21900407, 'Final', 1610612739, 1610612766, 100.0, 25.0, 48.0, 98.0, 25.0, 35.0, 1),
('2019-12-18', 21900408, 'Final', 1610612765, 1610612761, 99.0, 19.0, 48.0, 112.0, 27.0, 47.0, 0),
('2019-12-18', 21900409, 'Final', 1610612764, 1610612741, 109.0, 21.0, 55.0, 110.0, 25.0, 53.0, 0),
('2019-12-18', 21900410, 'Final', 1610612755, 1610612748, 104.0, 24.0, 41.0, 108.0, 26.0, 47.0, 0),
('2019-12-18', 21900411, 'Final', 1610612750, 1610612740, 99.0, 20.0, 43.0, 107.0, 23.0, 55.0, 0),
('2019-12-18', 21900412, 'Final', 1610612760, 1610612763, 126.0, 25.0, 35.0, 122.0, 27.0, 47.0, 1),
('2019-12-18', 21900414, 'Final', 1610612743, 1610612753, 113.0, 28.0, 52.0, 104.0, 25.0, 35.0, 1),
('2019-12-18', 21900413, 'Final', 1610612742, 1610612738, 103.0, 23.0, 42.0, 109.0, 13.0, 54.0, 0),
('2019-12-18', 21900415, 'Final', 1610612757, 1610612744, 122.0, 19.0, 57.0, 112.0, 24.0, 50.0, 1),
('2019-12-17', 21900401, 'Final', 1610612766, 1610612758, 110.0, 26.0, 51.0, 102.0, 23.0, 33.0, 1),
('2019-12-17', 21900402, 'Final', 1610612754, 1610612747, 105.0, 22.0, 43.0, 102.0, 28.0, 42.0, 1),
('2019-12-17', 21900403, 'Final', 1610612752, 1610612737, 143.0, 30.0, 55.0, 120.0, 20.0, 36.0, 1),
('2019-12-17', 21900404, 'Final', 1610612740, 1610612751, 101.0, 20.0, 58.0, 108.0, 25.0, 54.0, 0),
('2019-12-17', 21900405, 'Final', 1610612762, 1610612753, 109.0, 27.0, 58.0, 102.0, 21.0, 41.0, 1),
('2019-12-17', 21900406, 'Final', 1610612746, 1610612756, 120.0, 23.0, 44.0, 99.0, 30.0, 50.0, 1),
('2019-12-16', 21900394, 'Final', 1610612765, 1610612764, 119.0, 29.0, 36.0, 133.0, 31.0, 35.0, 0),
('2019-12-16', 21900395, 'Final', 1610612761, 1610612739, 133.0, 31.0, 41.0, 113.0, 30.0, 39.0, 1),
('2019-12-16', 21900396, 'Final', 1610612745, 1610612759, 109.0, 20.0, 58.0, 107.0, 23.0, 53.0, 1),
('2019-12-16', 21900397, 'Final', 1610612763, 1610612748, 118.0, 28.0, 45.0, 111.0, 22.0, 35.0, 1),
('2019-12-16', 21900398, 'Final', 1610612749, 1610612742, 116.0, 29.0, 52.0, 120.0, 27.0, 52.0, 0),
('2019-12-16', 21900399, 'Final', 1610612760, 1610612741, 109.0, 21.0, 42.0, 106.0, 27.0, 31.0, 1),
('2019-12-16', 21900400, 'Final', 1610612756, 1610612757, 110.0, 31.0, 44.0, 111.0, 21.0, 41.0, 0),
('2019-12-15', 21900388, 'Final', 1610612740, 1610612753, 119.0, 34.0, 40.0, 130.0, 32.0, 39.0, 0),
('2019-12-15', 21900389, 'Final', 1610612754, 1610612766, 107.0, 30.0, 51.0, 85.0, 18.0, 56.0, 1);
INSERT INTO `jogos` (`GAME_DATE_EST`, `GAME_ID`, `GAME_STATUS_TEXT`, `HOME_TEAM_ID`, `VISITOR_TEAM_ID`, `PTS_home`, `AST_home`, `REB_home`, `PTS_away`, `AST_away`, `REB_away`, `HOME_TEAM_WINS`) VALUES
('2019-12-15', 21900390, 'Final', 1610612737, 1610612747, 96.0, 18.0, 42.0, 101.0, 21.0, 56.0, 0),
('2019-12-15', 21900391, 'Final', 1610612751, 1610612755, 109.0, 22.0, 51.0, 89.0, 19.0, 38.0, 1),
('2019-12-15', 21900392, 'Final', 1610612743, 1610612752, 111.0, 27.0, 48.0, 105.0, 20.0, 47.0, 1),
('2019-12-15', 21900393, 'Final', 1610612744, 1610612758, 79.0, 24.0, 25.0, 100.0, 27.0, 38.0, 0),
('2019-12-14', 21900380, 'Final', 1610612756, 1610612759, 119.0, 29.0, 59.0, 121.0, 23.0, 62.0, 0),
('2019-12-14', 21900381, 'Final', 1610612761, 1610612751, 110.0, 21.0, 51.0, 102.0, 24.0, 59.0, 1),
('2019-12-14', 21900382, 'Final', 1610612741, 1610612746, 109.0, 21.0, 50.0, 106.0, 20.0, 40.0, 1),
('2019-12-14', 21900383, 'Final', 1610612763, 1610612764, 128.0, 32.0, 46.0, 111.0, 22.0, 34.0, 1),
('2019-12-14', 21900384, 'Final', 1610612742, 1610612748, 118.0, 30.0, 48.0, 122.0, 27.0, 49.0, 0),
('2019-12-14', 21900385, 'Final', 1610612749, 1610612739, 125.0, 26.0, 41.0, 108.0, 27.0, 45.0, 1),
('2019-12-14', 21900386, 'Final', 1610612745, 1610612765, 107.0, 18.0, 46.0, 115.0, 27.0, 55.0, 0),
('2019-12-14', 21900387, 'Final', 1610612743, 1610612760, 110.0, 30.0, 44.0, 102.0, 22.0, 37.0, 1),
('2019-12-13', 21900371, 'Final', 1610612753, 1610612745, 107.0, 24.0, 37.0, 130.0, 21.0, 42.0, 0),
('2019-12-13', 21900372, 'Final', 1610612755, 1610612740, 116.0, 24.0, 47.0, 109.0, 24.0, 45.0, 1),
('2019-12-13', 21900374, 'Final', 1610612748, 1610612747, 110.0, 24.0, 34.0, 113.0, 26.0, 50.0, 0),
('2019-12-13', 21900373, 'Final', 1610612737, 1610612754, 100.0, 24.0, 50.0, 110.0, 28.0, 46.0, 0),
('2019-12-13', 21900375, 'Final', 1610612741, 1610612766, 73.0, 20.0, 45.0, 83.0, 21.0, 60.0, 0),
('2019-12-13', 21900376, 'Final', 1610612763, 1610612749, 114.0, 27.0, 45.0, 127.0, 22.0, 55.0, 0),
('2019-12-13', 21900379, 'Final', 1610612762, 1610612744, 114.0, 22.0, 43.0, 106.0, 19.0, 48.0, 1),
('2019-12-13', 21900377, 'Final', 1610612750, 1610612746, 117.0, 17.0, 39.0, 124.0, 16.0, 45.0, 0),
('2019-12-13', 21900378, 'Final', 1610612758, 1610612752, 101.0, 19.0, 41.0, 103.0, 24.0, 48.0, 0),
('2019-12-12', 21900367, 'Final', 1610612738, 1610612755, 109.0, 24.0, 33.0, 115.0, 27.0, 45.0, 0),
('2019-12-12', 21900368, 'Final', 1610612759, 1610612739, 109.0, 19.0, 36.0, 117.0, 22.0, 50.0, 0),
('2019-12-12', 21900369, 'Final', 1610612765, 1610612742, 111.0, 23.0, 34.0, 122.0, 25.0, 52.0, 0),
('2019-12-12', 21900370, 'Final', 1610612743, 1610612757, 114.0, 25.0, 48.0, 99.0, 22.0, 35.0, 1),
('2019-12-11', 21900356, 'Final', 1610612739, 1610612745, 110.0, 29.0, 36.0, 116.0, 18.0, 36.0, 0),
('2019-12-11', 21900357, 'Final', 1610612754, 1610612738, 122.0, 27.0, 36.0, 117.0, 25.0, 44.0, 1),
('2019-12-11', 21900358, 'Final', 1610612753, 1610612747, 87.0, 20.0, 41.0, 96.0, 20.0, 49.0, 0),
('2019-12-11', 21900359, 'Final', 1610612761, 1610612746, 92.0, 21.0, 47.0, 112.0, 29.0, 50.0, 0),
('2019-12-11', 21900360, 'Final', 1610612751, 1610612766, 108.0, 20.0, 52.0, 113.0, 20.0, 47.0, 0),
('2019-12-11', 21900361, 'Final', 1610612741, 1610612737, 136.0, 32.0, 42.0, 102.0, 26.0, 41.0, 1),
('2019-12-11', 21900362, 'Final', 1610612750, 1610612762, 116.0, 18.0, 42.0, 127.0, 23.0, 45.0, 0),
('2019-12-11', 21900363, 'Final', 1610612756, 1610612763, 108.0, 29.0, 44.0, 115.0, 23.0, 55.0, 0),
('2019-12-11', 21900364, 'Final', 1610612749, 1610612740, 127.0, 27.0, 43.0, 112.0, 29.0, 42.0, 1),
('2019-12-11', 21900365, 'Final', 1610612758, 1610612760, 94.0, 12.0, 41.0, 93.0, 24.0, 43.0, 1),
('2019-12-11', 21900366, 'Final', 1610612744, 1610612752, 122.0, 27.0, 46.0, 124.0, 25.0, 58.0, 0),
('2019-12-10', 21900352, 'Final', 1610612766, 1610612764, 114.0, 22.0, 48.0, 107.0, 27.0, 45.0, 1),
('2019-12-10', 21900353, 'Final', 1610612755, 1610612743, 97.0, 24.0, 49.0, 92.0, 29.0, 38.0, 1),
('2019-12-10', 21900354, 'Final', 1610612748, 1610612737, 135.0, 35.0, 53.0, 121.0, 30.0, 37.0, 1),
('2019-12-10', 21900355, 'Final', 1610612757, 1610612752, 115.0, 20.0, 58.0, 87.0, 16.0, 47.0, 1),
('2019-12-09', 21900343, 'Final', 1610612754, 1610612746, 99.0, 16.0, 55.0, 110.0, 19.0, 57.0, 0),
('2019-12-09', 21900344, 'Final', 1610612738, 1610612739, 110.0, 22.0, 39.0, 88.0, 18.0, 45.0, 1),
('2019-12-09', 21900345, 'Final', 1610612741, 1610612761, 92.0, 30.0, 45.0, 93.0, 19.0, 54.0, 0),
('2019-12-09', 21900346, 'Final', 1610612745, 1610612758, 118.0, 25.0, 51.0, 119.0, 24.0, 37.0, 0),
('2019-12-09', 21900347, 'Final', 1610612749, 1610612753, 110.0, 30.0, 54.0, 101.0, 24.0, 44.0, 1),
('2019-12-09', 21900348, 'Final', 1610612740, 1610612765, 103.0, 24.0, 45.0, 105.0, 15.0, 46.0, 0),
('2019-12-09', 21900349, 'Final', 1610612756, 1610612750, 125.0, 31.0, 42.0, 109.0, 14.0, 45.0, 1),
('2019-12-09', 21900350, 'Final', 1610612762, 1610612760, 90.0, 19.0, 48.0, 104.0, 21.0, 46.0, 0),
('2019-12-09', 21900351, 'Final', 1610612744, 1610612763, 102.0, 23.0, 46.0, 110.0, 29.0, 42.0, 0),
('2019-12-08', 21900335, 'Final', 1610612751, 1610612743, 105.0, 25.0, 48.0, 102.0, 25.0, 37.0, 1),
('2019-12-08', 21900336, 'Final', 1610612766, 1610612737, 107.0, 22.0, 44.0, 122.0, 28.0, 48.0, 0),
('2019-12-08', 21900337, 'Final', 1610612748, 1610612741, 110.0, 20.0, 43.0, 105.0, 20.0, 39.0, 1),
('2019-12-08', 21900338, 'Final', 1610612755, 1610612761, 110.0, 31.0, 40.0, 104.0, 21.0, 42.0, 1),
('2019-12-08', 21900339, 'Final', 1610612764, 1610612746, 119.0, 28.0, 38.0, 135.0, 27.0, 45.0, 0),
('2019-12-08', 21900340, 'Final', 1610612742, 1610612758, 106.0, 24.0, 40.0, 110.0, 24.0, 35.0, 0),
('2019-12-08', 21900341, 'Final', 1610612757, 1610612760, 96.0, 16.0, 51.0, 108.0, 12.0, 54.0, 0),
('2019-12-08', 21900342, 'Final', 1610612747, 1610612750, 142.0, 32.0, 41.0, 125.0, 27.0, 31.0, 1),
('2019-12-07', 21900330, 'Final', 1610612742, 1610612740, 130.0, 25.0, 55.0, 84.0, 17.0, 34.0, 1),
('2019-12-07', 21900331, 'Final', 1610612752, 1610612754, 103.0, 24.0, 52.0, 104.0, 26.0, 42.0, 0),
('2019-12-07', 21900332, 'Final', 1610612755, 1610612739, 141.0, 43.0, 51.0, 94.0, 20.0, 35.0, 1),
('2019-12-07', 21900333, 'Final', 1610612745, 1610612756, 115.0, 21.0, 51.0, 109.0, 29.0, 51.0, 1),
('2019-12-07', 21900334, 'Final', 1610612762, 1610612763, 126.0, 32.0, 41.0, 112.0, 23.0, 28.0, 1),
('2019-12-06', 21900320, 'Final', 1610612766, 1610612751, 104.0, 23.0, 34.0, 111.0, 35.0, 49.0, 0),
('2019-12-06', 21900321, 'Final', 1610612739, 1610612753, 87.0, 22.0, 45.0, 93.0, 19.0, 43.0, 0),
('2019-12-06', 21900322, 'Final', 1610612765, 1610612754, 108.0, 21.0, 51.0, 101.0, 24.0, 33.0, 1),
('2019-12-06', 21900323, 'Final', 1610612738, 1610612743, 108.0, 21.0, 37.0, 95.0, 18.0, 41.0, 1),
('2019-12-06', 21900324, 'Final', 1610612748, 1610612764, 112.0, 28.0, 50.0, 103.0, 29.0, 39.0, 1),
('2019-12-06', 21900325, 'Final', 1610612741, 1610612744, 98.0, 21.0, 37.0, 100.0, 24.0, 39.0, 0),
('2019-12-06', 21900326, 'Final', 1610612760, 1610612750, 139.0, 19.0, 39.0, 127.0, 25.0, 36.0, 1),
('2019-12-06', 21900327, 'Final', 1610612749, 1610612746, 119.0, 29.0, 53.0, 91.0, 18.0, 48.0, 1),
('2019-12-06', 21900328, 'Final', 1610612759, 1610612758, 105.0, 25.0, 52.0, 104.0, 19.0, 52.0, 1),
('2019-12-06', 21900329, 'Final', 1610612757, 1610612747, 113.0, 20.0, 34.0, 136.0, 26.0, 45.0, 0),
('2019-12-05', 21900316, 'Final', 1610612764, 1610612755, 119.0, 25.0, 41.0, 113.0, 25.0, 44.0, 1),
('2019-12-05', 21900317, 'Final', 1610612752, 1610612743, 92.0, 23.0, 33.0, 129.0, 38.0, 48.0, 0),
('2019-12-05', 21900318, 'Final', 1610612761, 1610612745, 109.0, 27.0, 45.0, 119.0, 29.0, 54.0, 0),
('2019-12-05', 21900319, 'Final', 1610612740, 1610612756, 132.0, 27.0, 40.0, 139.0, 30.0, 51.0, 0),
('2019-12-04', 21900306, 'Final', 1610612766, 1610612744, 106.0, 30.0, 44.0, 91.0, 18.0, 37.0, 1),
('2019-12-04', 21900307, 'Final', 1610612765, 1610612749, 103.0, 25.0, 40.0, 127.0, 25.0, 55.0, 0),
('2019-12-04', 21900308, 'Final', 1610612753, 1610612756, 128.0, 27.0, 45.0, 114.0, 36.0, 29.0, 1),
('2019-12-04', 21900309, 'Final', 1610612737, 1610612751, 118.0, 24.0, 35.0, 130.0, 26.0, 53.0, 0),
('2019-12-04', 21900310, 'Final', 1610612738, 1610612748, 112.0, 21.0, 46.0, 93.0, 20.0, 40.0, 1),
('2019-12-04', 21900311, 'Final', 1610612741, 1610612763, 106.0, 22.0, 50.0, 99.0, 24.0, 46.0, 1),
('2019-12-04', 21900312, 'Final', 1610612760, 1610612754, 100.0, 25.0, 37.0, 107.0, 19.0, 39.0, 0),
('2019-12-04', 21900313, 'Final', 1610612742, 1610612750, 121.0, 24.0, 45.0, 114.0, 23.0, 44.0, 1),
('2019-12-04', 21900314, 'Final', 1610612762, 1610612747, 96.0, 20.0, 40.0, 121.0, 27.0, 46.0, 0),
('2019-12-04', 21900315, 'Final', 1610612757, 1610612758, 127.0, 28.0, 43.0, 116.0, 26.0, 44.0, 1),
('2019-12-03', 21900299, 'Final', 1610612739, 1610612765, 94.0, 16.0, 40.0, 127.0, 33.0, 46.0, 0),
('2019-12-03', 21900300, 'Final', 1610612764, 1610612753, 120.0, 22.0, 38.0, 127.0, 26.0, 48.0, 0),
('2019-12-03', 21900301, 'Final', 1610612761, 1610612748, 110.0, 25.0, 48.0, 121.0, 29.0, 55.0, 0),
('2019-12-03', 21900302, 'Final', 1610612740, 1610612742, 97.0, 20.0, 47.0, 118.0, 22.0, 51.0, 0),
('2019-12-03', 21900303, 'Final', 1610612759, 1610612745, 135.0, 35.0, 56.0, 133.0, 22.0, 60.0, 1),
('2019-12-03', 21900304, 'Final', 1610612743, 1610612747, 96.0, 26.0, 35.0, 105.0, 24.0, 56.0, 0),
('2019-12-03', 21900305, 'Final', 1610612746, 1610612757, 117.0, 25.0, 49.0, 97.0, 20.0, 49.0, 1);

-- --------------------------------------------------------

--
-- Estrutura da tabela `times`
--

CREATE TABLE IF NOT EXISTS `times` (
  `LEAGUE_ID` int(1) DEFAULT NULL,
  `TEAM_ID` int(10) NOT NULL DEFAULT '0',
  `MIN_YEAR` int(4) DEFAULT NULL,
  `MAX_YEAR` int(4) DEFAULT NULL,
  `ABBREVIATION` varchar(3) DEFAULT NULL,
  `NICKNAME` varchar(13) DEFAULT NULL,
  PRIMARY KEY (`TEAM_ID`)
) ENGINE=MyISAM DEFAULT CHARSET=utf8;

--
-- Extraindo dados da tabela `times`
--

INSERT INTO `times` (`LEAGUE_ID`, `TEAM_ID`, `MIN_YEAR`, `MAX_YEAR`, `ABBREVIATION`, `NICKNAME`) VALUES
(0, 1610612737, 1949, 2019, 'ATL', 'Hawks'),
(0, 1610612738, 1946, 2019, 'BOS', 'Celtics'),
(0, 1610612740, 2002, 2019, 'NOP', 'Pelicans'),
(0, 1610612741, 1966, 2019, 'CHI', 'Bulls'),
(0, 1610612742, 1980, 2019, 'DAL', 'Mavericks'),
(0, 1610612743, 1976, 2019, 'DEN', 'Nuggets'),
(0, 1610612745, 1967, 2019, 'HOU', 'Rockets'),
(0, 1610612746, 1970, 2019, 'LAC', 'Clippers'),
(0, 1610612747, 1948, 2019, 'LAL', 'Lakers'),
(0, 1610612748, 1988, 2019, 'MIA', 'Heat'),
(0, 1610612749, 1968, 2019, 'MIL', 'Bucks'),
(0, 1610612750, 1989, 2019, 'MIN', 'Timberwolves'),
(0, 1610612751, 1976, 2019, 'BKN', 'Nets'),
(0, 1610612752, 1946, 2019, 'NYK', 'Knicks'),
(0, 1610612753, 1989, 2019, 'ORL', 'Magic'),
(0, 1610612754, 1976, 2019, 'IND', 'Pacers'),
(0, 1610612755, 1949, 2019, 'PHI', '76ers'),
(0, 1610612756, 1968, 2019, 'PHX', 'Suns'),
(0, 1610612757, 1970, 2019, 'POR', 'Trail Blazers'),
(0, 1610612758, 1948, 2019, 'SAC', 'Kings'),
(0, 1610612759, 1976, 2019, 'SAS', 'Spurs'),
(0, 1610612760, 1967, 2019, 'OKC', 'Thunder'),
(0, 1610612761, 1995, 2019, 'TOR', 'Raptors'),
(0, 1610612762, 1974, 2019, 'UTA', 'Jazz'),
(0, 1610612763, 1995, 2019, 'MEM', 'Grizzlies'),
(0, 1610612764, 1961, 2019, 'WAS', 'Wizards'),
(0, 1610612765, 1948, 2019, 'DET', 'Pistons'),
(0, 1610612766, 1988, 2019, 'CHA', 'Hornets'),
(0, 1610612739, 1970, 2019, 'CLE', 'Cavaliers'),
(0, 1610612744, 1946, 2019, 'GSW', 'Warriors');

/*!40101 SET CHARACTER_SET_CLIENT=@OLD_CHARACTER_SET_CLIENT */;
/*!40101 SET CHARACTER_SET_RESULTS=@OLD_CHARACTER_SET_RESULTS */;
/*!40101 SET COLLATION_CONNECTION=@OLD_COLLATION_CONNECTION */;
